{
    "metadata": {
        "config": {
            "epochs": 200,
            "batch_size": 512,
            "model": "LargeContrastiveEncoder(\n  (network): Sequential(\n    (0): Linear(in_features=2048, out_features=8192, bias=True)\n    (1): ReLU()\n    (2): Dropout(p=0.0, inplace=False)\n    (3): Linear(in_features=8192, out_features=8192, bias=True)\n    (4): ReLU()\n    (5): Dropout(p=0.0, inplace=False)\n    (6): Linear(in_features=8192, out_features=4096, bias=True)\n    (7): ReLU()\n    (8): Dropout(p=0.0, inplace=False)\n    (9): Linear(in_features=4096, out_features=4096, bias=True)\n    (10): ReLU()\n    (11): Dropout(p=0.0, inplace=False)\n    (12): Linear(in_features=4096, out_features=2048, bias=True)\n    (13): ReLU()\n    (14): Dropout(p=0.0, inplace=False)\n    (15): Linear(in_features=2048, out_features=2048, bias=True)\n    (16): ReLU()\n    (17): Dropout(p=0.0, inplace=False)\n    (18): Linear(in_features=2048, out_features=1024, bias=True)\n    (19): ReLU()\n    (20): Dropout(p=0.0, inplace=False)\n    (21): Linear(in_features=1024, out_features=512, bias=True)\n  )\n)",
            "criterion": "TripletMarginLoss()",
            "optimizer": "Adam (\nParameter Group 0\n    amsgrad: False\n    betas: (0.9, 0.999)\n    capturable: False\n    differentiable: False\n    eps: 1e-08\n    foreach: None\n    fused: None\n    lr: 1e-05\n    maximize: False\n    weight_decay: 0\n)",
            "end_margin": 0.5,
            "steps_per_batch_train": 159
        },
        "dataset_sizes": {
            "total": 101200,
            "train": 80960,
            "validation": 20240
        }
    },
    "train_loss_history": [
        0.39502304792404175,
        0.28683406114578247,
        0.3245928883552551,
        0.3119984269142151,
        0.2473720908164978,
        0.23760023713111877,
        0.24622872471809387,
        0.23898261785507202,
        0.20694485306739807,
        0.21391582489013672,
        0.19826620817184448,
        0.1946912556886673,
        0.21927300095558167,
        0.1705538034439087,
        0.1834380030632019,
        0.16100528836250305,
        0.1625891625881195,
        0.16068243980407715,
        0.18201863765716553,
        0.168792724609375,
        0.1526540219783783,
        0.14795468747615814,
        0.14100772142410278,
        0.10568733513355255,
        0.157925546169281,
        0.12028378993272781,
        0.1413332223892212,
        0.1281624138355255,
        0.13760942220687866,
        0.14994074404239655,
        0.1323067545890808,
        0.13301336765289307,
        0.12700116634368896,
        0.1514245867729187,
        0.15725484490394592,
        0.12136103212833405,
        0.14944422245025635,
        0.14224830269813538,
        0.12546475231647491,
        0.14847084879875183,
        0.13931617140769958,
        0.1315959393978119,
        0.13071787357330322,
        0.13004262745380402,
        0.12356053292751312,
        0.1247461587190628,
        0.1317450851202011,
        0.15066328644752502,
        0.12476186454296112,
        0.12585297226905823,
        0.1334453821182251,
        0.15283694863319397,
        0.13693007826805115,
        0.11623992770910263,
        0.1123095452785492,
        0.11871874332427979,
        0.14931580424308777,
        0.13866567611694336,
        0.13154879212379456,
        0.10993312299251556,
        0.09569890797138214,
        0.11905047297477722,
        0.12329878658056259,
        0.1030292958021164,
        0.12052266299724579,
        0.11211331188678741,
        0.13993099331855774,
        0.11414504796266556,
        0.11663555353879929,
        0.13136181235313416,
        0.1287723183631897,
        0.11490201205015182,
        0.13081252574920654,
        0.1113983541727066,
        0.11840849369764328,
        0.1262434720993042,
        0.12592877447605133,
        0.12556269764900208,
        0.11286646127700806,
        0.11999683082103729,
        0.1026170551776886,
        0.13056418299674988,
        0.12756887078285217,
        0.13079357147216797,
        0.10619388520717621,
        0.11649538576602936,
        0.10921093821525574,
        0.15588074922561646,
        0.1289171725511551,
        0.1181500107049942,
        0.1281116008758545,
        0.12589611113071442,
        0.1171976774930954,
        0.12533894181251526,
        0.11245124042034149,
        0.12826432287693024,
        0.10864485055208206,
        0.11089914292097092,
        0.1467733383178711,
        0.13389480113983154,
        0.1224849671125412,
        0.11100320518016815,
        0.1315014511346817,
        0.10736876726150513,
        0.12597472965717316,
        0.12164624035358429,
        0.11675675958395004,
        0.13484981656074524,
        0.12221720814704895,
        0.08806754648685455,
        0.12560464441776276,
        0.12592726945877075,
        0.11315639317035675,
        0.10366538912057877,
        0.09091497957706451,
        0.11477765440940857,
        0.11847925186157227,
        0.12133324146270752,
        0.11581695079803467,
        0.11046084761619568,
        0.13029345870018005,
        0.12409358471632004,
        0.09879907965660095,
        0.12354691326618195,
        0.1107473075389862,
        0.11465343832969666,
        0.11239321529865265,
        0.10934867709875107,
        0.11114642024040222,
        0.09472142159938812,
        0.11104188859462738,
        0.12614013254642487,
        0.1343376487493515,
        0.12435327470302582,
        0.12501366436481476,
        0.12266946583986282,
        0.11655470728874207,
        0.13550031185150146,
        0.1481884866952896,
        0.12632855772972107,
        0.10885149240493774,
        0.10445588827133179,
        0.11494087427854538,
        0.12210362404584885,
        0.1171102523803711,
        0.1244262158870697,
        0.12139184772968292,
        0.1022290363907814,
        0.11695206165313721,
        0.13076519966125488,
        0.11402381956577301,
        0.14056497812271118,
        0.12341789156198502,
        0.11721056699752808,
        0.1154252141714096,
        0.13899554312229156,
        0.12188419699668884,
        0.12876316905021667,
        0.14771240949630737,
        0.11773914098739624,
        0.0882304236292839,
        0.1201394721865654,
        0.10957165062427521,
        0.12337197363376617,
        0.09200793504714966,
        0.14741313457489014,
        0.11960098892450333,
        0.10100095719099045,
        0.10668838769197464,
        0.08433914184570312,
        0.11020078510046005,
        0.10487643629312515,
        0.1421636939048767,
        0.1269283890724182,
        0.11281718313694,
        0.10750795900821686,
        0.10729129612445831,
        0.13359002768993378,
        0.11035345494747162,
        0.08682652562856674,
        0.1241217702627182,
        0.1146417036652565,
        0.09604408591985703,
        0.1046692281961441,
        0.11194596439599991,
        0.11450362205505371,
        0.10764066874980927,
        0.11866995692253113,
        0.11888617277145386,
        0.12786856293678284,
        0.12735874950885773,
        0.11271052062511444,
        0.0822029709815979,
        0.1338890641927719,
        0.11079756170511246,
        0.1185116320848465,
        0.09281165897846222,
        0.12199530005455017,
        0.13038673996925354,
        0.12676803767681122,
        0.14416617155075073,
        0.12068916857242584,
        0.10218805074691772,
        0.0839613527059555,
        0.12024140357971191,
        0.11796781420707703,
        0.09555858373641968,
        0.1096854954957962,
        0.07878607511520386,
        0.10387997329235077,
        0.12341728061437607,
        0.11398804187774658,
        0.12179102003574371,
        0.11392822861671448,
        0.07953435927629471,
        0.12051667273044586,
        0.13412626087665558,
        0.1159113273024559,
        0.09155299514532089,
        0.08986613154411316,
