{
    "metadata": {
        "config": {
            "epochs": 200,
            "batch_size": 512,
            "model": "LargeContrastiveEncoder(\n  (network): Sequential(\n    (0): Linear(in_features=2048, out_features=8192, bias=True)\n    (1): ReLU()\n    (2): Dropout(p=0.0, inplace=False)\n    (3): Linear(in_features=8192, out_features=8192, bias=True)\n    (4): ReLU()\n    (5): Dropout(p=0.0, inplace=False)\n    (6): Linear(in_features=8192, out_features=4096, bias=True)\n    (7): ReLU()\n    (8): Dropout(p=0.0, inplace=False)\n    (9): Linear(in_features=4096, out_features=4096, bias=True)\n    (10): ReLU()\n    (11): Dropout(p=0.0, inplace=False)\n    (12): Linear(in_features=4096, out_features=2048, bias=True)\n    (13): ReLU()\n    (14): Dropout(p=0.0, inplace=False)\n    (15): Linear(in_features=2048, out_features=2048, bias=True)\n    (16): ReLU()\n    (17): Dropout(p=0.0, inplace=False)\n    (18): Linear(in_features=2048, out_features=1024, bias=True)\n    (19): ReLU()\n    (20): Dropout(p=0.0, inplace=False)\n    (21): Linear(in_features=1024, out_features=512, bias=True)\n  )\n)",
            "criterion": "TripletMarginLoss()",
            "optimizer": "Adam (\nParameter Group 0\n    amsgrad: False\n    betas: (0.9, 0.999)\n    capturable: False\n    differentiable: False\n    eps: 1e-08\n    foreach: None\n    fused: None\n    lr: 1e-05\n    maximize: False\n    weight_decay: 0\n)",
            "end_margin": 0.5,
            "steps_per_batch_train": 32
        },
        "dataset_sizes": {
            "total": 20136,
            "train": 16108,
            "validation": 4028
        }
    },
    "train_loss_history": [
        0.3673786520957947,
        0.24619613587856293,
        0.21506497263908386,
        0.28466713428497314,
        0.14414027333259583,
        0.20968520641326904,
        0.16113951802253723,
        0.1237434595823288,
        0.14081500470638275,
        0.15814825892448425,
        0.14619813859462738,
        0.12255572527647018,
        0.09828245639801025,
        0.13474257290363312,
        0.15023979544639587,
        0.12154294550418854,
        0.10952159017324448,
        0.11842440813779831,
        0.13669171929359436,
        0.09819459170103073,
        0.10134437680244446,
        0.10873177647590637,
        0.12184879183769226,
        0.10469721257686615,
        0.10440724343061447,
        0.09338884800672531,
        0.09597132354974747,
        0.09728454798460007,
        0.10619484633207321,
        0.0910520926117897,
        0.09032753109931946,
        0.05893734470009804,
        0.07835391163825989,
        0.08943244069814682,
        0.09418625384569168,
        0.06445179134607315,
        0.09871233254671097,
        0.0943790078163147,
        0.08192390203475952,
        0.06506466865539551,
        0.07180675864219666,
        0.09597072005271912,
        0.08742855489253998,
        0.07200439274311066,
        0.06840696930885315,
        0.07226838171482086,
        0.05850646644830704,
        0.09394271671772003,
        0.053617093712091446,
        0.06395308673381805,
        0.0651550218462944,
        0.08096350729465485,
        0.06263504177331924,
        0.07263519614934921,
        0.08875483274459839,
        0.05841294303536415,
        0.08255530893802643,
        0.06555923819541931,
        0.06870218366384506,
        0.057631414383649826,
        0.08805657178163528,
        0.0678931325674057,
        0.06425900757312775,
        0.06190319359302521
    ],
    "val_loss_history": [
        0.49992289766669273,
        0.4928024709224701,
        0.37667809426784515,
        0.31327270716428757,
        0.2971353903412819,
        0.3483847305178642,
        0.2651004735380411,
        0.2538097482174635,
        0.23791425861418247,
        0.21156882122159004,
        0.2065840382128954,
        0.32436084374785423,
        0.19815420545637608,
        0.19083339162170887,
        0.18556221574544907,
        0.17223762162029743,
        0.16467992030084133,
        0.16244114190340042,
        0.16163763776421547,
        0.2186453938484192,
        0.1583044659346342,
        0.16139336489140987,
        0.15309004113078117,
        0.1514653041958809,
        0.15188392624258995,
        0.15325110405683517,
        0.1477582696825266,
        0.14072614628821611,
        0.1414996087551117,
        0.13367644418030977,
        0.1604807022958994,
        0.13361524138599634,
        0.12866646330803633,
        0.13001961261034012,
        0.19265668839216232,
        0.15383074805140495,
        0.14057305175811052,
        0.13913424126803875,
        0.1367658907547593,
        0.1269904188811779,
        0.13620424270629883,
        0.13030634354799986,
        0.13728131167590618,
        0.12801026366651058,
        0.11764137540012598,
        0.12370004877448082,
        0.12154489010572433,
        0.13628107588738203,
        0.11845757532864809,
        0.12257903628051281,
        0.12231981009244919,
        0.12923395354300737,
        0.12226947955787182,
        0.11861968133598566,
        0.12731728609651327,
        0.11664980184286833,
        0.11314458027482033,
        0.12482137139886618,
        0.1158887492492795,
        0.12071422301232815,
        0.11341488733887672,
        0.1192835122346878,
        0.12198523338884115,
        0.12049002107232809,
        0.11381640750914812,
        0.1114180264994502,
        0.12142248917371035,
        0.11700843647122383,
        0.10525565128773451,
        0.1142846504226327,
        0.12109468039125204,
        0.1108634527772665,
        0.11214157845824957,
        0.1139710545539856,
        0.10921326279640198,
        0.1112192077562213,
        0.10846064146608114,
        0.11564501374959946,
        0.10728425532579422,
        0.11854360438883305,
        0.10643800534307957,
        0.10926288645714521,
        0.11706435028463602,
        0.10076198726892471,
        0.10295591317117214,
        0.10152649320662022,
        0.10953402519226074,
        0.11319531966000795,
        0.10626062331721187,
        0.1005998682230711,
        0.10626502707600594,
        0.10223845764994621,
        0.10125656332820654,
        0.10427878983318806,
        0.09702234528958797,
        0.09873343911021948,
        0.10683148819953203,
        0.10696911718696356,
        0.10364784952253103,
        0.10229095630347729,
        0.09338327776640654,
        0.10719841811805964,
        0.11053243558853865,
        0.10649199318140745,
        0.10097499378025532,
        0.10438666865229607,
        0.09541040938347578,
        0.09964647889137268,
        0.09958539716899395,
        0.10257000476121902,
        0.11277407128363848,
        0.09491631295531988,
        0.10245614405721426,
        0.099083062261343,
        0.09710834827274084,
        0.10077222622931004,
        0.10054301284253597,
        0.09689964912831783,
        0.09889549668878317,
        0.09976047743111849,
        0.09693485964089632,
        0.09754057507961988,
        0.09697760734707117,
        0.0991220772266388,
        0.09984680218622088,
        0.09473453089594841,
        0.09559960011392832,
        0.10180116817355156,
        0.09956410340964794,
        0.104906783439219,
        0.1038731299340725,
        0.09217668324708939,
        0.09487080667167902,
        0.09816609881818295,
        0.10086135566234589,
        0.09524721372872591,
        0.09519508853554726,
        0.09511273633688688,
        0.0982314059510827,
        0.10245813615620136,
        0.09401606163010001,
        0.09922489151358604,
        0.09777153749018908,
        0.09408041276037693,
        0.09907891880720854,
        0.09666030202060938,
        0.09406716376543045,
        0.09171613864600658,
        0.0932926582172513,
        0.09390305634588003,
        0.10056638158857822,
        0.09813774935901165,
        0.1040457347407937,
        0.09337055217474699,
