{
    "metadata": {
        "config": {
            "epochs": 200,
            "batch_size": 512,
            "model": "LargeContrastiveEncoder(\n  (network): Sequential(\n    (0): Linear(in_features=2048, out_features=8192, bias=True)\n    (1): ReLU()\n    (2): Dropout(p=0.0, inplace=False)\n    (3): Linear(in_features=8192, out_features=8192, bias=True)\n    (4): ReLU()\n    (5): Dropout(p=0.0, inplace=False)\n    (6): Linear(in_features=8192, out_features=4096, bias=True)\n    (7): ReLU()\n    (8): Dropout(p=0.0, inplace=False)\n    (9): Linear(in_features=4096, out_features=4096, bias=True)\n    (10): ReLU()\n    (11): Dropout(p=0.0, inplace=False)\n    (12): Linear(in_features=4096, out_features=2048, bias=True)\n    (13): ReLU()\n    (14): Dropout(p=0.0, inplace=False)\n    (15): Linear(in_features=2048, out_features=2048, bias=True)\n    (16): ReLU()\n    (17): Dropout(p=0.0, inplace=False)\n    (18): Linear(in_features=2048, out_features=1024, bias=True)\n    (19): ReLU()\n    (20): Dropout(p=0.0, inplace=False)\n    (21): Linear(in_features=1024, out_features=512, bias=True)\n  )\n)",
            "criterion": "TripletMarginLoss()",
            "optimizer": "Adam (\nParameter Group 0\n    amsgrad: False\n    betas: (0.9, 0.999)\n    capturable: False\n    differentiable: False\n    eps: 1e-08\n    foreach: None\n    fused: None\n    lr: 1e-05\n    maximize: False\n    weight_decay: 0\n)",
            "end_margin": 0.5,
            "steps_per_batch_train": 167
        },
        "dataset_sizes": {
            "total": 106816,
            "train": 85452,
            "validation": 21364
        }
    },
    "train_loss_history": [
        0.38906168937683105,
        0.3171924948692322,
        0.3054348826408386,
        0.2681618332862854,
        0.23281976580619812,
        0.27664095163345337,
        0.27879881858825684,
        0.2163068950176239,
        0.21233680844306946,
        0.21707108616828918,
        0.19525384902954102,
        0.17147663235664368,
        0.18169064819812775,
        0.15255510807037354,
        0.15924100577831268,
        0.1843952238559723,
        0.15629127621650696,
        0.17144076526165009,
        0.1586611270904541,
        0.13909465074539185,
        0.14210134744644165,
        0.17436237633228302,
        0.16197657585144043,
        0.17272689938545227,
        0.13107240200042725,
        0.14463776350021362,
        0.12715476751327515,
        0.15113018453121185,
        0.13356336951255798,
        0.17263203859329224,
        0.1390874981880188,
        0.11711768805980682,
        0.14104467630386353,
        0.1288389265537262,
        0.1257457286119461,
        0.1501227170228958,
        0.1259443163871765,
        0.15886683762073517,
        0.13231831789016724,
        0.14779937267303467,
        0.15122127532958984,
        0.12507374584674835,
        0.12801781296730042,
        0.15779581665992737,
        0.13680776953697205,
        0.1050342321395874,
        0.11547469347715378,
        0.15304610133171082,
        0.12399271875619888,
        0.14377760887145996,
        0.15923936665058136,
        0.14169013500213623,
        0.09213965386152267,
        0.1449533849954605,
        0.13712143898010254,
        0.1337214559316635,
        0.11433139443397522,
        0.12548011541366577,
        0.17657293379306793,
        0.12752212584018707,
        0.16400068998336792,
        0.1271210014820099,
        0.12287890166044235,
        0.10634132474660873,
        0.13792674243450165,
        0.15574687719345093,
        0.13165710866451263,
        0.12477381527423859,
        0.13895824551582336,
        0.1373186856508255,
        0.12366112321615219,
        0.14105303585529327,
        0.14055097103118896,
        0.13022413849830627,
        0.12041662633419037,
        0.12995538115501404,
        0.10806529223918915,
        0.14366422593593597,
        0.12396499514579773,
        0.10176161676645279,
        0.13828276097774506,
        0.14101099967956543,
        0.11896555125713348,
        0.11297832429409027,
        0.12251961976289749,
        0.13096067309379578,
        0.12855198979377747,
        0.08950567245483398,
        0.12705768644809723,
        0.11509399116039276,
        0.13125894963741302,
        0.13694167137145996,
        0.12820355594158173,
        0.12605232000350952,
        0.10971781611442566,
        0.11960997432470322,
        0.12716299295425415,
        0.10329338908195496,
        0.134696826338768,
        0.0961766168475151,
        0.10696835815906525,
        0.13441452383995056,
        0.14465901255607605,
        0.10749877989292145,
        0.11835364997386932,
        0.15292373299598694,
        0.1221422553062439,
        0.1048184409737587,
        0.12579567730426788,
        0.11088418960571289,
        0.1006523072719574,
        0.12209947407245636,
        0.12330681085586548,
        0.11088951677083969,
        0.1344071328639984,
        0.12022488564252853,
        0.10464085638523102,
        0.11766830086708069,
        0.13718798756599426,
        0.12657782435417175,
        0.13136601448059082,
        0.1140357255935669,
        0.1396702527999878,
        0.14089855551719666,
        0.13188236951828003,
        0.11264893412590027,
        0.11503470689058304,
        0.11323775351047516,
        0.10683809965848923,
        0.12488194555044174,
        0.12147858738899231,
        0.11577187478542328,
        0.11077123135328293,
        0.12056992948055267,
        0.10968288779258728,
        0.11918631941080093,
        0.11164321005344391,
        0.14123322069644928,
        0.10234937816858292,
        0.10564476996660233,
        0.1426428258419037,
        0.11986970901489258,
        0.13820603489875793,
        0.11216550320386887,
        0.10216096043586731,
        0.08240875601768494,
        0.12012618780136108,
        0.11937906593084335,
        0.10509461164474487,
        0.11445164680480957,
        0.10171052813529968,
        0.13729169964790344,
        0.1200329139828682,
        0.08975255489349365,
        0.12808722257614136,
        0.11664362996816635,
        0.12164834141731262,
        0.12208373099565506,
        0.10680703818798065,
        0.12305694073438644,
        0.10651955753564835,
        0.08455023169517517,
        0.1130518838763237,
        0.1266065239906311,
        0.122422955930233,
        0.09654860943555832,
        0.10067157447338104,
        0.12083493173122406,
        0.11703366786241531,
        0.1188059002161026,
        0.11507945507764816,
        0.09945719689130783,
        0.11065790057182312,
        0.10436448454856873,
        0.08841286599636078,
        0.11209317296743393,
        0.11963599920272827,
        0.09581805765628815,
        0.11378304660320282,
        0.0928831547498703,
        0.12753185629844666,
        0.11690405011177063,
        0.1034974679350853,
        0.10328641533851624,
        0.11254830658435822,
        0.10426446795463562,
        0.10392820090055466,
        0.0983082726597786,
        0.12413499504327774,
        0.11283163726329803,
        0.10399841517210007,
        0.10123184323310852,
        0.11930002272129059,
        0.12610964477062225,
        0.10374106466770172,
        0.10938484221696854,
        0.10299861431121826,
        0.11651604622602463,
        0.1269347220659256,
        0.10784085094928741,
        0.10554009675979614,
        0.12521572411060333,
        0.12456005066633224,
        0.10966134816408157,
        0.09707820415496826,
        0.0888809785246849,
        0.10602782666683197,
        0.1071201041340828,
        0.11538419872522354,
        0.10715644806623459,
        0.11693864315748215,
        0.10028792917728424,
        0.1218063086271286,
        0.11373956501483917,
        0.12034514546394348,
        0.08789987862110138,
        0.12296406924724579,
        0.11123774200677872,
        0.10637827217578888,
