{
    "metadata": {
        "config": {
            "epochs": 200,
            "batch_size": 512,
            "model": "LargeContrastiveEncoder(\n  (network): Sequential(\n    (0): Linear(in_features=2048, out_features=8192, bias=True)\n    (1): ReLU()\n    (2): Dropout(p=0.0, inplace=False)\n    (3): Linear(in_features=8192, out_features=8192, bias=True)\n    (4): ReLU()\n    (5): Dropout(p=0.0, inplace=False)\n    (6): Linear(in_features=8192, out_features=4096, bias=True)\n    (7): ReLU()\n    (8): Dropout(p=0.0, inplace=False)\n    (9): Linear(in_features=4096, out_features=4096, bias=True)\n    (10): ReLU()\n    (11): Dropout(p=0.0, inplace=False)\n    (12): Linear(in_features=4096, out_features=2048, bias=True)\n    (13): ReLU()\n    (14): Dropout(p=0.0, inplace=False)\n    (15): Linear(in_features=2048, out_features=2048, bias=True)\n    (16): ReLU()\n    (17): Dropout(p=0.0, inplace=False)\n    (18): Linear(in_features=2048, out_features=1024, bias=True)\n    (19): ReLU()\n    (20): Dropout(p=0.0, inplace=False)\n    (21): Linear(in_features=1024, out_features=512, bias=True)\n  )\n)",
            "criterion": "TripletMarginLoss()",
            "optimizer": "Adam (\nParameter Group 0\n    amsgrad: False\n    betas: (0.9, 0.999)\n    capturable: False\n    differentiable: False\n    eps: 1e-08\n    foreach: None\n    fused: None\n    lr: 1e-05\n    maximize: False\n    weight_decay: 0\n)",
            "end_margin": 0.5,
            "steps_per_batch_train": 122
        },
        "dataset_sizes": {
            "total": 78016,
            "train": 62412,
            "validation": 15604
        }
    },
    "train_loss_history": [
        0.3852944076061249,
        0.23739424347877502,
        0.1728767603635788,
        0.20019890367984772,
        0.22689616680145264,
        0.18982665240764618,
        0.1756293624639511,
        0.1365642100572586,
        0.14117655158042908,
        0.15407294034957886,
        0.12366150319576263,
        0.11926530301570892,
        0.13412734866142273,
        0.14294679462909698,
        0.10518008470535278,
        0.10144312679767609,
        0.1305389702320099,
        0.10100338608026505,
        0.10770505666732788,
        0.08635911345481873,
        0.09742659330368042,
        0.10002609342336655,
        0.11079123616218567,
        0.11078581213951111,
        0.12935152649879456,
        0.09073542058467865,
        0.08868898451328278,
        0.07159788906574249,
        0.09150644391775131,
        0.09425197541713715,
        0.08764642477035522,
        0.09541133046150208,
        0.0874098464846611,
        0.06745213270187378,
        0.06969669461250305,
        0.1016775369644165,
        0.09164069592952728,
        0.1030212864279747,
        0.09647437185049057,
        0.08057853579521179,
        0.08905292302370071,
        0.061954475939273834,
        0.09647011756896973,
        0.08512638509273529,
        0.10026577115058899,
        0.05680575221776962,
        0.11382272839546204,
        0.07980357110500336,
        0.07539918273687363,
        0.09543971717357635,
        0.080487459897995,
        0.08200094848871231,
        0.07120224833488464,
        0.07028909027576447,
        0.10563595592975616,
        0.1097768023610115,
        0.08579054474830627,
        0.0730752944946289,
        0.06956928968429565,
        0.0772341787815094,
        0.08664947003126144,
        0.08505730330944061,
        0.06394543498754501,
        0.07491184771060944,
        0.08650095015764236,
        0.07197593152523041,
        0.10977796465158463,
        0.09285876154899597,
        0.10640972852706909,
        0.07495909929275513,
        0.08856593817472458,
        0.07708016782999039,
        0.09460896998643875,
        0.12502023577690125,
        0.08372651040554047,
        0.07367154955863953,
        0.08991438150405884,
        0.08852478861808777,
        0.08002130687236786,
        0.07616116851568222,
        0.09391147643327713,
        0.08458100259304047,
        0.08892761170864105,
        0.07142826914787292,
        0.06431834399700165,
        0.07047436386346817,
        0.08535400032997131,
        0.09087139368057251,
        0.07254870235919952,
        0.07145870476961136,
        0.0841173380613327,
        0.07701507210731506,
        0.08825794607400894,
        0.08535119891166687,
        0.08712214976549149,
        0.07401514053344727,
        0.08711738139390945,
        0.08161041140556335,
        0.060895856469869614,
        0.08050885796546936,
        0.07332789152860641,
        0.07174094021320343,
        0.07207916676998138,
        0.07533011585474014,
        0.07889789342880249,
        0.06923044472932816,
        0.07582544535398483,
        0.07550929486751556,
        0.0669214129447937,
        0.06534124165773392,
        0.08080896735191345,
        0.06662250310182571,
        0.09652821719646454,
        0.06840689480304718,
        0.06327542662620544,
        0.09222550690174103,
        0.07595160603523254,
        0.060413908213377,
        0.06556133925914764,
        0.04585445672273636,
        0.07753380388021469,
        0.08708788454532623,
        0.06150834262371063,
        0.06641876697540283,
        0.05238023027777672,
        0.06654626876115799,
        0.07533223927021027,
        0.07319895923137665,
        0.06071193888783455,
        0.07945285737514496,
        0.06471505761146545,
        0.07167313992977142,
        0.05467945337295532,
        0.06539519131183624,
        0.05056559294462204,
        0.0758715346455574,
        0.07879087328910828,
        0.060266993939876556,
        0.05603017657995224,
        0.0721091628074646,
        0.06845138967037201,
        0.0693412721157074,
        0.0824928805232048,
        0.06834397464990616,
        0.0949566438794136,
        0.08761362731456757,
        0.07017584890127182,
        0.0766487568616867,
        0.047271374613046646,
        0.05248541384935379,
        0.06699369102716446,
        0.06893864274024963,
        0.07480831444263458,
        0.07598751783370972,
        0.07060088217258453,
        0.06987504661083221,
        0.06703245639801025,
        0.06867572665214539,
        0.09291030466556549,
        0.06945426762104034,
        0.0740511417388916,
        0.08595839142799377,
        0.08886909484863281,
        0.07206051051616669,
        0.05621592700481415,
        0.05619923025369644,
        0.055701322853565216,
        0.07455067336559296,
        0.06582514941692352,
        0.0659889206290245,
        0.06638495624065399,
        0.059996265918016434,
        0.07494054734706879,
        0.05097714439034462,
        0.0641685277223587,
        0.06921610236167908,
        0.07151354849338531,
        0.05166423320770264,
        0.06453713774681091,
        0.08850385993719101,
        0.0655655562877655,
        0.05839929357171059,
        0.06414808332920074,
        0.08083182573318481,
        0.09314221143722534,
        0.06495111435651779,
        0.0687989592552185,
        0.07723695039749146,
        0.08823515474796295,
        0.062181539833545685,
        0.07876583188772202,
        0.05970423296093941,
        0.08554472029209137,
        0.05867335572838783,
        0.05400973930954933,
        0.05459883436560631,
        0.07280789315700531,
        0.08618003129959106,
        0.062144529074430466,
        0.04914692044258118,
        0.07613067328929901,
        0.048453908413648605,
        0.08533445745706558,
        0.07161274552345276,
        0.06572411954402924,
        0.05414552614092827,
        0.08611536026000977,
        0.05569233372807503,
        0.05576746538281441,
        0.0676126703619957,
        0.04853561148047447,
        0.0806707963347435,
        0.07537993043661118,
        0.05729221552610397,
        0.06289935111999512,
        0.05345604568719864,
        0.070823073387146,
        0.059337157756090164,
        0.07731059193611145,
