{
    "metadata": {
        "config": {
            "epochs": 200,
            "batch_size": 512,
            "model": "LargeContrastiveEncoder(\n  (network): Sequential(\n    (0): Linear(in_features=2048, out_features=8192, bias=True)\n    (1): ReLU()\n    (2): Dropout(p=0.0, inplace=False)\n    (3): Linear(in_features=8192, out_features=8192, bias=True)\n    (4): ReLU()\n    (5): Dropout(p=0.0, inplace=False)\n    (6): Linear(in_features=8192, out_features=4096, bias=True)\n    (7): ReLU()\n    (8): Dropout(p=0.0, inplace=False)\n    (9): Linear(in_features=4096, out_features=4096, bias=True)\n    (10): ReLU()\n    (11): Dropout(p=0.0, inplace=False)\n    (12): Linear(in_features=4096, out_features=2048, bias=True)\n    (13): ReLU()\n    (14): Dropout(p=0.0, inplace=False)\n    (15): Linear(in_features=2048, out_features=2048, bias=True)\n    (16): ReLU()\n    (17): Dropout(p=0.0, inplace=False)\n    (18): Linear(in_features=2048, out_features=1024, bias=True)\n    (19): ReLU()\n    (20): Dropout(p=0.0, inplace=False)\n    (21): Linear(in_features=1024, out_features=512, bias=True)\n  )\n)",
            "criterion": "TripletMarginLoss()",
            "optimizer": "Adam (\nParameter Group 0\n    amsgrad: False\n    betas: (0.9, 0.999)\n    capturable: False\n    differentiable: False\n    eps: 1e-08\n    foreach: None\n    fused: None\n    lr: 1e-05\n    maximize: False\n    weight_decay: 0\n)",
            "end_margin": 0.5,
            "steps_per_batch_train": 136
        },
        "dataset_sizes": {
            "total": 86688,
            "train": 69350,
            "validation": 17338
        }
    },
    "train_loss_history": [
        0.45292872190475464,
        0.343152791261673,
        0.34915047883987427,
        0.3002305030822754,
        0.39702481031417847,
        0.24428778886795044,
        0.31372764706611633,
        0.24701595306396484,
        0.24222780764102936,
        0.2011415958404541,
        0.23625719547271729,
        0.21931204199790955,
        0.2025458663702011,
        0.21408608555793762,
        0.19584548473358154,
        0.22200840711593628,
        0.2066313475370407,
        0.1791246384382248,
        0.20914331078529358,
        0.188948854804039,
        0.17368653416633606,
        0.19123557209968567,
        0.13147729635238647,
        0.17723074555397034,
        0.1948167085647583,
        0.17007742822170258,
        0.15344569087028503,
        0.1702941209077835,
        0.15234097838401794,
        0.1856849193572998,
        0.14391060173511505,
        0.1697811335325241,
        0.16838836669921875,
        0.10427210479974747,
        0.16226187348365784,
        0.1322040855884552,
        0.16483822464942932,
        0.15731628239154816,
        0.14850232005119324,
        0.15629294514656067,
        0.1591620147228241,
        0.13926275074481964,
        0.14496496319770813,
        0.14599725604057312,
        0.15662947297096252,
        0.14843839406967163,
        0.1397007405757904,
        0.16940629482269287,
        0.16115984320640564,
        0.15840435028076172,
        0.14767932891845703,
        0.14609818160533905,
        0.13258914649486542,
        0.16018593311309814,
        0.1247531846165657,
        0.12706945836544037,
        0.11880714446306229,
        0.11578558385372162,
        0.1542726457118988,
        0.15776735544204712,
        0.14368155598640442,
        0.13261467218399048,
        0.12623120844364166,
        0.12800650298595428,
        0.1334564983844757,
        0.1302594542503357,
        0.1438479870557785,
        0.1274641454219818,
        0.12780378758907318,
        0.11831551790237427,
        0.17013069987297058,
        0.14096692204475403,
        0.11797896772623062,
        0.18081654608249664,
        0.15328338742256165,
        0.13607516884803772,
        0.16370990872383118,
        0.12551754713058472,
        0.12589144706726074,
        0.1650400459766388,
        0.12874993681907654,
        0.14546479284763336,
        0.13207051157951355,
        0.15107673406600952,
        0.14943139255046844,
        0.14680568873882294,
        0.1319361925125122,
        0.11386727541685104,
        0.14543390274047852,
        0.1412343531847,
        0.15528355538845062,
        0.12083061784505844,
        0.11501236259937286,
        0.12838128209114075,
        0.1130625382065773,
        0.12081114947795868,
        0.146091490983963,
        0.1442614495754242,
        0.13976237177848816,
        0.12381571531295776,
        0.1277153193950653,
        0.1424390971660614,
        0.1209760531783104,
        0.13710203766822815,
        0.1313176453113556,
        0.1332656741142273,
        0.10034746676683426,
        0.136595219373703,
        0.11738595366477966,
        0.13809099793434143,
        0.12115105986595154,
        0.1272469460964203,
        0.11792038381099701,
        0.1212226152420044,
        0.11532795429229736,
        0.132829949259758,
        0.10763613879680634,
        0.13341543078422546,
        0.1224183589220047,
        0.11169693619012833,
        0.12607377767562866,
        0.12167485058307648,
        0.1549311876296997,
        0.12288152426481247,
        0.14289429783821106,
        0.13106274604797363,
        0.12856252491474152,
        0.13193391263484955,
        0.12283802032470703,
        0.13544999063014984,
        0.12637682259082794,
        0.10784821957349777,
        0.13425350189208984,
        0.13139310479164124,
        0.14220719039440155,
        0.1507885903120041,
        0.1351730227470398,
        0.12472665309906006,
        0.1102609857916832,
        0.13223916292190552,
        0.1434093862771988,
        0.12206555902957916,
        0.14581844210624695,
        0.13927245140075684,
        0.12100040912628174,
        0.13344886898994446,
        0.11013462394475937,
        0.11301727592945099,
        0.11025123298168182,
        0.13336271047592163,
        0.10768100619316101,
        0.1175093874335289,
        0.12389174103736877,
        0.11648593842983246,
        0.1126537024974823,
        0.1078953966498375,
        0.13009537756443024,
        0.13115133345127106,
        0.10088453441858292,
        0.10405756533145905,
        0.1257689893245697,
        0.11292026937007904,
        0.136611670255661,
        0.13792839646339417,
        0.12117299437522888,
        0.11891809105873108,
        0.10058574378490448,
        0.13226494193077087,
        0.12446329742670059,
        0.11867812275886536,
        0.1206013560295105,
        0.1063915491104126,
        0.11636869609355927,
        0.12661105394363403,
        0.12602737545967102,
        0.13282880187034607,
        0.10182709991931915,
        0.11161647737026215,
        0.10997438430786133,
        0.10225672274827957,
        0.10937149822711945,
        0.12665924429893494,
        0.10483771562576294,
        0.11560101062059402,
        0.11664928495883942,
        0.1301896870136261,
        0.11009322106838226,
        0.09938204288482666,
        0.11359892785549164,
        0.1253814995288849,
        0.09670142829418182,
        0.13498568534851074,
        0.13742771744728088,
        0.11724872887134552,
        0.12180301547050476,
        0.12295126169919968,
        0.11220446974039078,
        0.10002289712429047,
        0.11185498535633087,
        0.09519776701927185,
        0.10676341503858566,
        0.11617661267518997,
        0.1259668618440628,
        0.1491391658782959,
        0.10401700437068939,
        0.10987546294927597,
        0.09957613050937653,
        0.11726251244544983,
        0.11494416743516922,
        0.0993080660700798,
        0.14710968732833862,
        0.10254277288913727,
        0.1082768440246582,
        0.09512922167778015,
        0.11797764152288437,
        0.12328105419874191,
        0.09397241473197937,
        0.11146596074104309,
        0.11054305732250214,
        0.11921438574790955,
