{
    "metadata": {
        "config": {
            "epochs": 200,
            "batch_size": 512,
            "model": "LargeContrastiveEncoder(\n  (network): Sequential(\n    (0): Linear(in_features=2048, out_features=8192, bias=True)\n    (1): ReLU()\n    (2): Dropout(p=0.0, inplace=False)\n    (3): Linear(in_features=8192, out_features=8192, bias=True)\n    (4): ReLU()\n    (5): Dropout(p=0.0, inplace=False)\n    (6): Linear(in_features=8192, out_features=4096, bias=True)\n    (7): ReLU()\n    (8): Dropout(p=0.0, inplace=False)\n    (9): Linear(in_features=4096, out_features=4096, bias=True)\n    (10): ReLU()\n    (11): Dropout(p=0.0, inplace=False)\n    (12): Linear(in_features=4096, out_features=2048, bias=True)\n    (13): ReLU()\n    (14): Dropout(p=0.0, inplace=False)\n    (15): Linear(in_features=2048, out_features=2048, bias=True)\n    (16): ReLU()\n    (17): Dropout(p=0.0, inplace=False)\n    (18): Linear(in_features=2048, out_features=1024, bias=True)\n    (19): ReLU()\n    (20): Dropout(p=0.0, inplace=False)\n    (21): Linear(in_features=1024, out_features=512, bias=True)\n  )\n)",
            "criterion": "TripletMarginLoss()",
            "optimizer": "Adam (\nParameter Group 0\n    amsgrad: False\n    betas: (0.9, 0.999)\n    capturable: False\n    differentiable: False\n    eps: 1e-08\n    foreach: None\n    fused: None\n    lr: 1e-05\n    maximize: False\n    weight_decay: 0\n)",
            "end_margin": 0.5,
            "steps_per_batch_train": 26
        },
        "dataset_sizes": {
            "total": 16222,
            "train": 12977,
            "validation": 3245
        }
    },
    "train_loss_history": [
        0.3102104663848877,
        0.17797112464904785,
        0.1293679028749466,
        0.10738596320152283,
        0.10797370970249176,
        0.09761378169059753,
        0.11732599139213562,
        0.08224910497665405,
        0.05738050490617752,
        0.07852186262607574,
        0.06485603749752045,
        0.05343121662735939,
        0.05833997577428818,
        0.050299305468797684,
        0.06504467129707336,
        0.05789322033524513,
        0.0654805600643158,
        0.040563032031059265,
        0.12671174108982086,
        0.062271833419799805,
        0.05960480868816376,
        0.06853232532739639,
        0.06334417313337326,
        0.061603300273418427,
        0.03822404891252518,
        0.0511552095413208,
        0.17969587445259094,
        0.041424576193094254,
        0.06448256224393845,
        0.06963076442480087,
        0.04404982551932335,
        0.0658443421125412,
        0.03445920720696449,
        0.06244879961013794,
        0.037302691489458084,
        0.059518374502658844,
        0.046926043927669525,
        0.0545111708343029,
        0.04801608622074127,
        0.07379328459501266,
        0.06653191149234772,
        0.03884703293442726,
        0.018517836928367615,
        0.020687373355031013,
        0.043657660484313965,
        0.04716304689645767,
        0.04801955819129944,
        0.04261156916618347,
        0.04706745594739914,
        0.05232812464237213,
        0.039913713932037354,
        0.10522845387458801
    ],
    "val_loss_history": [
        0.4999160979475294,
        0.49643648096493315,
        0.45191880209105356,
        0.26201528523649487,
        0.19547225109168462,
        0.19212208688259125,
        0.1644146250826972,
        0.15807743157659257,
        0.1934755870274135,
        0.13916225092751638,
        0.13235597631761006,
        0.13132998560156142,
        0.11194557696580887,
        0.12174016556569509,
        0.11366236848490578,
        0.12239808589220047,
        0.11502043690000262,
        0.11533025865043912,
        0.10239939604486738,
        0.10212988832167216,
        0.10155186376401357,
        0.11372765153646469,
        0.15466036115373885,
        0.0983276537486485,
        0.09691170496600014,
        0.08928648169551577,
        0.11225274205207825,
        0.08022853572453771,
        0.08658233072076525,
        0.08292279711791448,
        0.11458898761442729,
        0.08554518009935107,
        0.08623013432536807,
        0.10227361108575549,
        0.12232503507818494,
        0.0770406685769558,
        0.10764212374176298,
        0.0787202391241278,
        0.08361182468278068,
        0.07326244509645871,
        0.10113072182450976,
        0.06809439403670174,
        0.14193486315863474,
        0.12776563955204828,
        0.08043169655970164,
        0.09009957845721926,
        0.08378952422312327,
        0.09107190370559692,
        0.07526398982320513,
        0.0766136816569737,
        0.06820757474218096,
        0.09910582963909421,
        0.14604541872228896,
        0.0719464144536427,
        0.0979584168110575,
        0.06867046122040067,
        0.07012618333101273,
        0.08290620361055646,
        0.06780515504734856,
        0.06800058058329991,
        0.1017625161579677,
        0.06313844929848399,
        0.12139522390706199,
        0.1093928622347968,
        0.07223621010780334,
        0.06182443244116647,
        0.07063101125614983,
        0.06409802234598569,
        0.07464747982365745,
        0.07204894402197429,
        0.06217583056007113,
        0.08600605598517827,
        0.06433269860489028,
        0.06854324681418282,
        0.08702324862991061,
        0.06248164735734463,
        0.10762278842074531,
        0.07957533001899719,
        0.07181027052657944,
        0.06611087545752525,
        0.18200428571019853,
        0.09789718793971199,
        0.0767159318285329,
        0.060094203267778666,
        0.062227637107883184,
        0.07324745506048203,
        0.05416172742843628,
        0.0590879741523947,
        0.0628586049590792,
        0.06990158185362816,
        0.06275764267359461,
        0.05598145829779761,
        0.06481261391724859,
        0.17738841048308782,
        0.05405542014964989,
        0.05320939581309046,
        0.054393286151545386,
        0.056395086858953745,
        0.07887002985392298,
        0.05380713886448315,
        0.060994653297322135,
        0.0502298040581601,
        0.1416381640093667,
        0.10578819364309311,
        0.06510761859161514,
        0.05921959398048265,
        0.07648195113454546,
        0.05883870114173208,
        0.08868833311966487,
        0.0772973538509437,
        0.056314386427402496,
        0.05694790344153132,
        0.06200766669852393,
        0.08358848786779813,
        0.05932473178420748,
        0.06339997585330691,
        0.058150318052087514,
        0.12011378897087914,
        0.06664089964968818,
        0.07170347975833076,
        0.053628817200660706,
        0.08220690808125905,
        0.08729956618377141,
        0.0799488148518971,
        0.06215614612613406,
        0.05455428468329566,
        0.08916195588452476,
        0.06461575627326965,
        0.058998063738857,
        0.07794963834541184,
        0.05301825276442936,
        0.050738168614251275,
        0.1099530469094004,
        0.052535476961306164,
        0.05514562502503395,
        0.04929150055561747,
        0.14617942060743058,
        0.05657282844185829,
        0.10327379511935371,
        0.07066664631877627,
        0.14101154570068633,
        0.05494666365640504,
        0.05635441680039678,
        0.061401118125234334,
        0.05504823050328663,
        0.049608362040349414,
        0.05902879099760737,
        0.0489604544958898,
        0.046923760058624406,
        0.05147368833422661,
        0.052024710923433304,
        0.049883759181414335,
        0.06455250297273908,
        0.10977581249816078,
        0.04535248529698167,
        0.042213301573480876,
        0.06248104465859277,
        0.0509859887616975,
        0.06652204745582171,
        0.04567492487175124,
        0.06917548073189599,
        0.056842125420059474,
        0.04791303990142686,
        0.049479340868336816,
        0.0460693043257509,
