{
    "metadata": {
        "config": {
            "epochs": 200,
            "batch_size": 512,
            "model": "LargeContrastiveEncoder(\n  (network): Sequential(\n    (0): Linear(in_features=2048, out_features=8192, bias=True)\n    (1): ReLU()\n    (2): Dropout(p=0.0, inplace=False)\n    (3): Linear(in_features=8192, out_features=8192, bias=True)\n    (4): ReLU()\n    (5): Dropout(p=0.0, inplace=False)\n    (6): Linear(in_features=8192, out_features=4096, bias=True)\n    (7): ReLU()\n    (8): Dropout(p=0.0, inplace=False)\n    (9): Linear(in_features=4096, out_features=4096, bias=True)\n    (10): ReLU()\n    (11): Dropout(p=0.0, inplace=False)\n    (12): Linear(in_features=4096, out_features=2048, bias=True)\n    (13): ReLU()\n    (14): Dropout(p=0.0, inplace=False)\n    (15): Linear(in_features=2048, out_features=2048, bias=True)\n    (16): ReLU()\n    (17): Dropout(p=0.0, inplace=False)\n    (18): Linear(in_features=2048, out_features=1024, bias=True)\n    (19): ReLU()\n    (20): Dropout(p=0.0, inplace=False)\n    (21): Linear(in_features=1024, out_features=512, bias=True)\n  )\n)",
            "criterion": "TripletMarginLoss()",
            "optimizer": "Adam (\nParameter Group 0\n    amsgrad: False\n    betas: (0.9, 0.999)\n    capturable: False\n    differentiable: False\n    eps: 1e-08\n    foreach: None\n    fused: None\n    lr: 1e-05\n    maximize: False\n    weight_decay: 0\n)",
            "end_margin": 0.5,
            "steps_per_batch_train": 137
        },
        "dataset_sizes": {
            "total": 87158,
            "train": 69726,
            "validation": 17432
        }
    },
    "train_loss_history": [
        0.37075698375701904,
        0.3259921669960022,
        0.26831507682800293,
        0.2019774317741394,
        0.19216859340667725,
        0.21824607253074646,
        0.221243217587471,
        0.1564517617225647,
        0.14491531252861023,
        0.1809859424829483,
        0.15249109268188477,
        0.13180029392242432,
        0.15734052658081055,
        0.13492774963378906,
        0.1220574826002121,
        0.11156986653804779,
        0.1276017427444458,
        0.1396085023880005,
        0.12317366898059845,
        0.14524495601654053,
        0.09744662046432495,
        0.10478165745735168,
        0.13385748863220215,
        0.1116233542561531,
        0.09205003082752228,
        0.12770169973373413,
        0.13345369696617126,
        0.10906220972537994,
        0.11242938786745071,
        0.10323698818683624,
        0.10617635399103165,
        0.10467363893985748,
        0.10251201689243317,
        0.11671389639377594,
        0.0904986560344696,
        0.10636289417743683,
        0.11660920083522797,
        0.09045065939426422,
        0.09619498997926712,
        0.09698663651943207,
        0.09261658787727356,
        0.09278801083564758,
        0.10651767253875732,
        0.09429533034563065,
        0.0863337367773056,
        0.07783432304859161,
        0.09588192403316498,
        0.10762372612953186,
        0.08728188276290894,
        0.10790257155895233,
        0.09000369906425476,
        0.08924118429422379,
        0.07989877462387085,
        0.10351972281932831,
        0.08801829814910889,
        0.12532296776771545,
        0.08738826215267181,
        0.11475645005702972,
        0.06949993968009949,
        0.05742360278964043,
        0.08129702508449554,
        0.07866962254047394,
        0.09224923700094223,
        0.09315057843923569,
        0.09643460065126419,
        0.07545863837003708,
        0.08022111654281616,
        0.0987405925989151,
        0.10786350071430206,
        0.10176166146993637,
        0.08193027973175049,
        0.10963301360607147,
        0.0980113297700882,
        0.08040716499090195,
        0.07590523362159729,
        0.09790991991758347,
        0.08097334206104279,
        0.08376888185739517,
        0.06583396345376968,
        0.1118607372045517,
        0.07642964273691177,
        0.09178876876831055,
        0.0874481052160263,
        0.07491398602724075,
        0.0872969850897789,
        0.08891068398952484,
        0.11446088552474976,
        0.07691789418458939,
        0.09175270050764084,
        0.06687673926353455,
        0.09257542341947556,
        0.09997288882732391,
        0.09429368376731873,
        0.0721903145313263,
        0.08924996852874756,
        0.08758662641048431,
        0.07658127695322037,
        0.06698278337717056,
        0.07722832262516022,
        0.09178102016448975,
        0.09699820727109909,
        0.07939139753580093,
        0.08903811872005463,
        0.08061829209327698,
        0.09168641269207001,
        0.09458309412002563,
        0.06695038080215454,
        0.07887673377990723,
        0.08650106191635132,
        0.09814871102571487,
        0.07273384928703308,
        0.10003884881734848,
        0.10262677073478699,
        0.07435145974159241,
        0.07670007646083832,
        0.07526259124279022,
        0.07639535516500473,
        0.09131079167127609,
        0.09553687274456024,
        0.07925619184970856,
        0.06797852367162704,
        0.09356079995632172,
        0.11137887835502625,
        0.059824660420417786,
        0.06912675499916077,
        0.07139134407043457,
        0.09255680441856384,
        0.09122517704963684,
        0.10686091333627701,
        0.0706552043557167,
        0.07528901100158691,
        0.08167853206396103,
        0.0905904769897461,
        0.08560261130332947,
        0.0791122317314148,
        0.08433136343955994,
        0.08867260813713074,
        0.08601699769496918,
        0.08820776641368866,
        0.07232990860939026,
        0.05953500419855118,
        0.07884281128644943,
        0.06969267874956131,
        0.10574352741241455,
        0.07608310133218765,
        0.07367529720067978,
        0.07272547483444214,
        0.09144648909568787,
        0.08869212865829468,
        0.0820249617099762,
        0.07328758388757706,
        0.08025818318128586,
        0.07392510771751404,
        0.07641750574111938,
        0.08748684823513031,
        0.09898058325052261,
        0.0920272171497345,
        0.06423252820968628,
        0.07769078016281128,
        0.08553490042686462,
        0.07206545770168304,
        0.06634223461151123,
        0.09726059436798096,
        0.07157694548368454,
        0.06951021403074265,
        0.09754472970962524,
        0.08786391466856003,
        0.0868779644370079,
        0.0865025669336319,
        0.09343844652175903,
        0.073107048869133,
        0.0811246782541275,
        0.07202315330505371,
        0.07232659310102463,
        0.08424952626228333,
        0.0702727884054184,
        0.07111461460590363,
        0.08015365898609161,
        0.0785115510225296,
        0.054624587297439575,
        0.06838174909353256,
        0.0914163589477539,
        0.06550147384405136,
        0.05334381386637688,
        0.06920970976352692,
        0.08105749636888504,
        0.06015615165233612,
        0.07610365748405457,
        0.06980641186237335,
        0.0598485991358757,
        0.08527345955371857,
        0.0632610097527504,
        0.06448186933994293,
        0.08140799403190613,
        0.07579295337200165,
        0.06531374901533127,
        0.07998868823051453,
        0.07628390192985535,
        0.09877713024616241,
        0.08536100387573242,
        0.051085151731967926,
        0.09190423786640167,
        0.07771292328834534,
        0.07297121733427048,
        0.06667398661375046,
        0.0663125216960907,
        0.08701187372207642,
        0.07819300889968872,
        0.06507370620965958,
        0.07457910478115082,
        0.07756591588258743,
        0.07463985681533813,
        0.06570784002542496,
        0.0900290310382843,
        0.06649942696094513,
        0.07374140620231628,
        0.07774823158979416,
        0.0545157827436924,
        0.07065770030021667,
