{
    "metadata": {
        "config": {
            "epochs": 200,
            "batch_size": 512,
            "model": "LargeContrastiveEncoder(\n  (network): Sequential(\n    (0): Linear(in_features=2048, out_features=8192, bias=True)\n    (1): ReLU()\n    (2): Dropout(p=0.0, inplace=False)\n    (3): Linear(in_features=8192, out_features=8192, bias=True)\n    (4): ReLU()\n    (5): Dropout(p=0.0, inplace=False)\n    (6): Linear(in_features=8192, out_features=4096, bias=True)\n    (7): ReLU()\n    (8): Dropout(p=0.0, inplace=False)\n    (9): Linear(in_features=4096, out_features=4096, bias=True)\n    (10): ReLU()\n    (11): Dropout(p=0.0, inplace=False)\n    (12): Linear(in_features=4096, out_features=2048, bias=True)\n    (13): ReLU()\n    (14): Dropout(p=0.0, inplace=False)\n    (15): Linear(in_features=2048, out_features=2048, bias=True)\n    (16): ReLU()\n    (17): Dropout(p=0.0, inplace=False)\n    (18): Linear(in_features=2048, out_features=1024, bias=True)\n    (19): ReLU()\n    (20): Dropout(p=0.0, inplace=False)\n    (21): Linear(in_features=1024, out_features=512, bias=True)\n  )\n)",
            "criterion": "TripletMarginLoss()",
            "optimizer": "Adam (\nParameter Group 0\n    amsgrad: False\n    betas: (0.9, 0.999)\n    capturable: False\n    differentiable: False\n    eps: 1e-08\n    foreach: None\n    fused: None\n    lr: 1e-05\n    maximize: False\n    weight_decay: 0\n)",
            "end_margin": 0.5,
            "steps_per_batch_train": 142
        },
        "dataset_sizes": {
            "total": 90594,
            "train": 72475,
            "validation": 18119
        }
    },
    "train_loss_history": [
        0.4068340063095093,
        0.33530035614967346,
        0.29391562938690186,
        0.2682417035102844,
        0.2454545497894287,
        0.2716447710990906,
        0.32330965995788574,
        0.24366626143455505,
        0.22612228989601135,
        0.2032237946987152,
        0.21223804354667664,
        0.2006642371416092,
        0.15583014488220215,
        0.17923603951931,
        0.1761721670627594,
        0.184554785490036,
        0.15465347468852997,
        0.13925278186798096,
        0.14806540310382843,
        0.16334162652492523,
        0.16453096270561218,
        0.16767485439777374,
        0.3805161714553833,
        0.1653287410736084,
        0.18797355890274048,
        0.15966200828552246,
        0.1377229392528534,
        0.15675301849842072,
        0.12904804944992065,
        0.1453559398651123,
        0.11994248628616333,
        0.14516454935073853,
        0.14307278394699097,
        0.14678943157196045,
        0.12387506663799286,
        0.12144963443279266,
        0.15009582042694092,
        0.12440918385982513,
        0.14166498184204102,
        0.10833188146352768,
        0.11200939118862152,
        0.13388095796108246,
        0.1681428700685501,
        0.13752353191375732,
        0.14294442534446716,
        0.10864340513944626,
        0.10633181035518646,
        0.12744709849357605,
        0.13260871171951294,
        0.12201609462499619,
        0.10972723364830017,
        0.10924101620912552,
        0.1363954097032547,
        0.1183839812874794,
        0.13360439240932465,
        0.11897455155849457,
        0.13560505211353302,
        0.13904830813407898,
        0.10693929344415665,
        0.13371816277503967,
        0.14444500207901,
        0.09676826745271683,
        0.13090196251869202,
        0.11607315391302109,
        0.09524276852607727,
        0.1022377610206604,
        0.09993314743041992,
        0.13358530402183533,
        0.13652634620666504,
        0.1201019436120987,
        0.14163532853126526,
        0.09755170345306396,
        0.10544036328792572,
        0.11439315974712372,
        0.11848676949739456,
        0.12319453060626984,
        0.13445782661437988,
        0.148025780916214,
        0.12001641094684601,
        0.11423709988594055,
        0.10850046575069427,
        0.08720774948596954,
        0.13638460636138916,
        0.13181695342063904,
        0.09950095415115356,
        0.1019405648112297,
        0.1171007752418518,
        0.11502900719642639,
        0.12476949393749237,
        0.12170294672250748,
        0.11698070168495178,
        0.11122797429561615,
        0.10411202907562256,
        0.11653101444244385,
        0.12061627209186554,
        0.10688801854848862,
        0.12307776510715485,
        0.12258657813072205,
        0.11210481822490692,
        0.08391642570495605,
        0.09976394474506378,
        0.09997735172510147,
        0.11002177000045776,
        0.12168112397193909,
        0.08706048130989075,
        0.13170549273490906,
        0.11028972268104553,
        0.11108345538377762,
        0.12085242569446564,
        0.12164627015590668,
        0.10643750429153442,
        0.13182346522808075,
        0.11217369139194489,
        0.0952194482088089,
        0.1219620555639267,
        0.11181138455867767,
        0.11190196126699448,
        0.12949737906455994,
        0.10529807209968567,
        0.1162884309887886,
        0.11242146044969559,
        0.1412808895111084,
        0.10714836418628693,
        0.07036132365465164,
        0.12196111679077148,
        0.11757070571184158,
        0.11359480768442154,
        0.09320757538080215,
        0.09070423245429993,
        0.1157938688993454,
        0.11110571771860123,
        0.09562066197395325,
        0.1132902204990387,
        0.10755014419555664,
        0.10626180469989777,
        0.11466622352600098,
        0.10055500268936157,
        0.10951831936836243,
        0.09599635750055313,
        0.12302052974700928,
        0.1224324181675911,
        0.11226820200681686,
        0.10849684476852417,
        0.1028064489364624,
        0.1378726363182068,
        0.10886865109205246,
        0.11284870654344559,
        0.10366499423980713,
        0.09357021749019623,
        0.11019165068864822,
        0.1207246333360672,
        0.11099613457918167,
        0.1254200041294098,
        0.09344488382339478,
        0.10904794931411743,
        0.08994583785533905,
        0.12342721968889236,
        0.11311475932598114,
        0.12007991969585419,
        0.12515407800674438,
        0.1414947360754013,
        0.10909368842840195,
        0.10435901582241058,
        0.13519325852394104,
        0.12064986675977707,
        0.10095039755105972,
        0.10333015024662018,
        0.10556164383888245,
        0.11308042705059052,
        0.11639688909053802,
        0.10390625149011612,
        0.10781316459178925,
        0.10268290340900421,
        0.1251302808523178,
        0.10349062830209732,
        0.1135176420211792,
        0.10644379258155823,
        0.0911778062582016,
        0.10662871599197388,
        0.10812228173017502,
        0.09758484363555908,
        0.12036461383104324,
        0.08906219899654388,
        0.1080261617898941,
        0.10292025655508041,
        0.10550601780414581,
        0.11098906397819519,
        0.11237188428640366,
        0.09529465436935425,
        0.106210857629776,
        0.09304285049438477,
        0.09749642014503479,
        0.09652313590049744,
        0.12130391597747803,
        0.09421901404857635,
        0.09346333146095276,
        0.1434480845928192,
        0.08149128407239914,
        0.1371966451406479,
        0.11555125564336777,
        0.09206162393093109,
        0.09995748102664948,
        0.10391409695148468,
        0.08733345568180084,
        0.10456089675426483,
        0.10098449885845184,
        0.08742952346801758,
        0.12047849595546722,
        0.10073593258857727,
        0.09514996409416199,
        0.11944299936294556,
        0.11199770122766495,
        0.08879828453063965,
        0.12503914535045624,
        0.10098737478256226,
        0.09743314981460571,
        0.08736853301525116,
        0.08698278665542603,
        0.10248103737831116,
        0.09512528777122498,
