{
    "metadata": {
        "config": {
            "epochs": 200,
            "batch_size": 512,
            "model": "LargeContrastiveEncoder(\n  (network): Sequential(\n    (0): Linear(in_features=2048, out_features=8192, bias=True)\n    (1): ReLU()\n    (2): Dropout(p=0.0, inplace=False)\n    (3): Linear(in_features=8192, out_features=8192, bias=True)\n    (4): ReLU()\n    (5): Dropout(p=0.0, inplace=False)\n    (6): Linear(in_features=8192, out_features=4096, bias=True)\n    (7): ReLU()\n    (8): Dropout(p=0.0, inplace=False)\n    (9): Linear(in_features=4096, out_features=4096, bias=True)\n    (10): ReLU()\n    (11): Dropout(p=0.0, inplace=False)\n    (12): Linear(in_features=4096, out_features=2048, bias=True)\n    (13): ReLU()\n    (14): Dropout(p=0.0, inplace=False)\n    (15): Linear(in_features=2048, out_features=2048, bias=True)\n    (16): ReLU()\n    (17): Dropout(p=0.0, inplace=False)\n    (18): Linear(in_features=2048, out_features=1024, bias=True)\n    (19): ReLU()\n    (20): Dropout(p=0.0, inplace=False)\n    (21): Linear(in_features=1024, out_features=512, bias=True)\n  )\n)",
            "criterion": "TripletMarginLoss()",
            "optimizer": "Adam (\nParameter Group 0\n    amsgrad: False\n    betas: (0.9, 0.999)\n    capturable: False\n    differentiable: False\n    eps: 1e-08\n    foreach: None\n    fused: None\n    lr: 1e-05\n    maximize: False\n    weight_decay: 0\n)",
            "end_margin": 0.5,
            "steps_per_batch_train": 32
        },
        "dataset_sizes": {
            "total": 20136,
            "train": 16108,
            "validation": 4028
        }
    },
    "train_loss_history": [
        0.46199536323547363,
        0.37641048431396484,
        0.31875914335250854,
        0.2160634845495224,
        0.13937586545944214,
        0.1386270523071289,
        0.0796494409441948,
        0.08237960934638977,
        0.07055490463972092,
        0.303874671459198,
        0.06533753126859665,
        0.046596936881542206,
        0.05092409998178482,
        0.03968898206949234,
        0.05150635167956352,
        0.03881126269698143,
        0.027490483596920967,
        0.04102752357721329,
        0.031122826039791107,
        0.01538124866783619,
        0.03847614675760269,
        0.03498387336730957,
        0.02884577587246895,
        0.02619990147650242,
        0.02769676223397255,
        0.019246218726038933,
        0.021583033725619316,
        0.01776045933365822,
        0.03278953209519386,
        0.015545281581580639,
        0.019000571221113205,
        0.029518475756049156,
        0.013409776613116264,
        0.0213248860090971,
        0.013774015009403229,
        0.0244319885969162,
        0.014395540580153465,
        0.016268769279122353,
        0.024097362533211708,
        0.021663205698132515,
        0.029117649421095848,
        0.014409840106964111,
        0.019240055233240128,
        0.023525971919298172,
        0.008954813703894615,
        0.015327423810958862,
        0.014908312819898129,
        0.021869510412216187,
        0.01840885542333126,
        0.010982228443026543,
        0.01342632994055748,
        0.0199163518846035,
        0.017122164368629456,
        0.019695190712809563,
        0.013205362483859062,
        0.007719420827925205,
        0.005479380488395691,
        0.025100119411945343,
        0.01887025684118271,
        0.01923513412475586,
        0.013333342969417572,
        0.009729970246553421,
        0.019226813688874245,
        0.01526002399623394
    ],
    "val_loss_history": [
        0.4999435693025589,
        0.4976324997842312,
        0.4716559760272503,
        0.42633700743317604,
        0.4196513704955578,
        0.3864124193787575,
        0.3548962101340294,
        0.3870491087436676,
        0.3052253797650337,
        0.2869359254837036,
        0.25481665693223476,
        0.1946120262145996,
        0.17321550473570824,
        0.15445230342447758,
        0.15150486677885056,
        0.13550749234855175,
        0.13005002308636904,
        0.11873902752995491,
        0.12171748466789722,
        0.11461112275719643,
        0.10837432276457548,
        0.10132829286158085,
        0.099195153452456,
        0.09304003603756428,
        0.08880066405981779,
        0.08570411708205938,
        0.08069977816194296,
        0.07531301397830248,
        0.06930865487083793,
        0.06831037253141403,
        0.0687300912104547,
        0.09446580428630114,
        0.07075017271563411,
        0.06690517487004399,
        0.06782870925962925,
        0.06212841020897031,
        0.05680799391120672,
        0.04673264711163938,
        0.056983754970133305,
        0.05189948761835694,
        0.04862836608663201,
        0.055056184995919466,
        0.050752602983266115,
        0.04967180825769901,
        0.045766367577016354,
        0.0468769297003746,
        0.049405521247535944,
        0.04537540255114436,
        0.043239380698651075,
        0.03851542202755809,
        0.03798319632187486,
        0.04036219138652086,
        0.04226131085306406,
        0.04100578697398305,
        0.041574853006750345,
        0.037611435167491436,
        0.04670845507644117,
        0.03599451621994376,
        0.038529778365045786,
        0.03924668254330754,
        0.03567786398343742,
        0.03442691080272198,
        0.0515488744713366,
        0.03673095675185323,
        0.031080020358785987,
        0.04017855692654848,
        0.04115419369190931,
        0.03498195577412844,
        0.030982529278844595,
        0.03516354039311409,
        0.038422930520027876,
        0.0328165153041482,
        0.030385081190615892,
        0.03310941602103412,
        0.03500012308359146,
        0.03692438593134284,
        0.03515496547333896,
        0.03371153841726482,
        0.05701975803822279,
        0.03183892113156617,
        0.028249242226593196,
        0.044659076258540154,
        0.03205833723768592,
        0.03252673172391951,
        0.02537353476509452,
        0.030941453063860536,
        0.031480359146371484,
        0.029892654856666923,
        0.0370723232626915,
        0.03204588242806494,
        0.0341289839707315,
        0.031141796614974737,
        0.03177051607053727,
        0.03096053167246282,
        0.029423888539895415,
        0.03035459411330521,
        0.028522348729893565,
        0.031591607723385096,
        0.03486836818046868,
        0.04272486246190965,
        0.030015410156920552,
        0.02603205293416977,
        0.029910507961176336,
        0.03095952421426773,
        0.030515613965690136,
        0.02725989604368806,
        0.030645694583654404,
        0.030046849278733134,
        0.029929528944194317,
        0.0343583298381418,
        0.026767296250909567,
        0.026159050408750772,
        0.02646583318710327,
        0.023019162705168128,
        0.0235780063085258,
        0.03962485771626234,
        0.0262835999019444,
        0.03239711211062968,
        0.027911251410841942,
        0.026781374122947454,
        0.025896616745740175,
        0.024930884479545057,
        0.027093973010778427,
        0.0360778016038239,
        0.028214838122949004,
        0.03027082118205726,
        0.025477071292698383,
        0.02784996898844838,
        0.02246694010682404,
        0.02555177896283567,
        0.025168224587105215,
        0.023591978359036148,
        0.026392230996862054,
        0.02432024641893804,
        0.0287910308688879,
        0.026247221743687987,
        0.02379203913733363,
        0.034666899126023054,
        0.023924411507323384,
        0.027021811343729496,
        0.025699026882648468,
        0.03088260884396732,
        0.025771160377189517,
        0.025184947066009045,
        0.021980971097946167,
        0.03339074132964015,
        0.022964147035963833,
        0.021962261642329395,
        0.02386522153392434,
        0.03209071117453277,
        0.027300402289256454,
