{
    "metadata": {
        "config": {
            "epochs": 200,
            "batch_size": 512,
            "model": "LargeContrastiveEncoder(\n  (network): Sequential(\n    (0): Linear(in_features=2048, out_features=8192, bias=True)\n    (1): ReLU()\n    (2): Dropout(p=0.0, inplace=False)\n    (3): Linear(in_features=8192, out_features=8192, bias=True)\n    (4): ReLU()\n    (5): Dropout(p=0.0, inplace=False)\n    (6): Linear(in_features=8192, out_features=4096, bias=True)\n    (7): ReLU()\n    (8): Dropout(p=0.0, inplace=False)\n    (9): Linear(in_features=4096, out_features=4096, bias=True)\n    (10): ReLU()\n    (11): Dropout(p=0.0, inplace=False)\n    (12): Linear(in_features=4096, out_features=2048, bias=True)\n    (13): ReLU()\n    (14): Dropout(p=0.0, inplace=False)\n    (15): Linear(in_features=2048, out_features=2048, bias=True)\n    (16): ReLU()\n    (17): Dropout(p=0.0, inplace=False)\n    (18): Linear(in_features=2048, out_features=1024, bias=True)\n    (19): ReLU()\n    (20): Dropout(p=0.0, inplace=False)\n    (21): Linear(in_features=1024, out_features=512, bias=True)\n  )\n)",
            "criterion": "TripletMarginLoss()",
            "optimizer": "Adam (\nParameter Group 0\n    amsgrad: False\n    betas: (0.9, 0.999)\n    capturable: False\n    differentiable: False\n    eps: 1e-08\n    foreach: None\n    fused: None\n    lr: 1e-05\n    maximize: False\n    weight_decay: 0\n)",
            "end_margin": 0.5,
            "steps_per_batch_train": 127
        },
        "dataset_sizes": {
            "total": 80864,
            "train": 64691,
            "validation": 16173
        }
    },
    "train_loss_history": [
        0.46720990538597107,
        0.3344128727912903,
        0.29644644260406494,
        0.24946996569633484,
        0.2604198753833771,
        0.26732969284057617,
        0.2603660821914673,
        0.21656540036201477,
        0.25043201446533203,
        0.2240537405014038,
        0.22491221129894257,
        0.1892775148153305,
        0.27423733472824097,
        0.19577918946743011,
        0.20465829968452454,
        0.17113888263702393,
        0.20972028374671936,
        0.18580907583236694,
        0.18484091758728027,
        0.17028406262397766,
        0.2148151695728302,
        0.1788613647222519,
        0.1533673107624054,
        0.18327021598815918,
        0.160903662443161,
        0.15577515959739685,
        0.152226984500885,
        0.16082268953323364,
        0.1450348198413849,
        0.141828715801239,
        0.16214630007743835,
        0.13284246623516083,
        0.1535721719264984,
        0.13362716138362885,
        0.13649392127990723,
        0.1505369395017624,
        0.1646839678287506,
        0.13418446481227875,
        0.15670707821846008,
        0.12994521856307983,
        0.17739246785640717,
        0.16141565144062042,
        0.13394777476787567,
        0.16385802626609802,
        0.18401256203651428,
        0.1466497927904129,
        0.1371953934431076,
        0.14618749916553497,
        0.12176969647407532,
        0.1409396231174469,
        0.13284823298454285,
        0.16936799883842468,
        0.1506933569908142,
        0.1290266066789627,
        0.12148670107126236,
        0.14865194261074066,
        0.15665888786315918,
        0.1560603380203247,
        0.12426072359085083,
        0.1433854103088379,
        0.12265459448099136,
        0.13859932124614716,
        0.13401301205158234,
        0.1400730460882187,
        0.1530689299106598,
        0.13567179441452026,
        0.12966100871562958,
        0.15212754905223846,
        0.13424672186374664,
        0.14096912741661072,
        0.13687820732593536,
        0.11358587443828583,
        0.1064230352640152,
        0.12947380542755127,
        0.1512068808078766,
        0.1366247534751892,
        0.137906014919281,
        0.12799446284770966,
        0.10455960780382156,
        0.11645050346851349,
        0.12665845453739166,
        0.13485561311244965,
        0.10577680170536041,
        0.14115795493125916,
        0.157887801527977,
        0.12556195259094238,
        0.12144679576158524,
        0.12538108229637146,
        0.11819317191839218,
        0.122747503221035,
        0.11035244166851044,
        0.13931624591350555,
        0.10497935861349106,
        0.10122331976890564,
        0.12606331706047058,
        0.13855652511119843,
        0.12553641200065613,
        0.14105084538459778,
        0.1337495744228363,
        0.10926991701126099,
        0.12401066720485687,
        0.09721936285495758,
        0.14502224326133728,
        0.12027287483215332,
        0.12527433037757874,
        0.13162925839424133,
        0.11821459978818893,
        0.15429168939590454,
        0.11043810844421387,
        0.11194976419210434,
        0.09400080889463425,
        0.13645797967910767,
        0.14279800653457642,
        0.12171261012554169,
        0.12856924533843994,
        0.10087523609399796,
        0.14268401265144348,
        0.10803166031837463,
        0.15375885367393494,
        0.1045907512307167,
        0.12273535132408142,
        0.10782752931118011,
        0.12956565618515015,
        0.1263488233089447,
        0.12307094037532806,
        0.12190556526184082,
        0.12497207522392273,
        0.12277395278215408,
        0.13583382964134216,
        0.1200132742524147,
        0.14350783824920654,
        0.13064685463905334,
        0.12506645917892456,
        0.12300240993499756,
        0.12908224761486053,
        0.10695788264274597,
        0.13174551725387573,
        0.14563903212547302,
        0.12061083316802979,
        0.1248755156993866,
        0.1253991276025772,
        0.1215374767780304,
        0.11284384876489639,
        0.15359678864479065,
        0.10536567866802216,
        0.13293200731277466,
        0.14970645308494568,
        0.11823852360248566,
        0.12416972219944,
        0.14546974003314972,
        0.12707045674324036,
        0.13488048315048218,
        0.11837169528007507,
        0.1341448426246643,
        0.1513763964176178,
        0.13621735572814941,
        0.10332901030778885,
        0.10930055379867554,
        0.13233822584152222,
        0.12117607891559601,
        0.11842931807041168,
        0.10722187161445618,
        0.1108960509300232,
        0.13311956822872162,
        0.12242087721824646,
        0.12358274310827255,
        0.11824747920036316,
        0.11451628804206848,
        0.11145429313182831,
        0.12742704153060913,
        0.12715788185596466,
        0.12463445216417313,
        0.1324237734079361,
        0.10016699880361557,
        0.12016362696886063,
        0.12379952520132065,
        0.11049366742372513,
        0.1050805151462555,
        0.08631940931081772,
        0.1203518807888031,
        0.1092456728219986,
        0.13358791172504425,
        0.13577109575271606,
        0.10316117107868195,
        0.09745721518993378,
        0.136611670255661,
        0.12466007471084595,
        0.09074817597866058,
        0.13366737961769104,
        0.10979930311441422,
        0.12698283791542053,
        0.10194775462150574,
        0.12322506308555603,
        0.10616151243448257,
        0.11270223557949066,
        0.1432674527168274,
        0.11021046340465546,
        0.14070802927017212,
        0.11395604908466339,
        0.10388246178627014,
        0.12798987329006195,
        0.11439420282840729,
        0.11242537200450897,
        0.11145719885826111,
        0.1148236095905304,
        0.11382080614566803,
        0.11782941967248917,
        0.10028350353240967,
        0.09036791324615479,
        0.1007523238658905,
        0.09214212000370026,
        0.11777301877737045,
        0.10939696431159973,
        0.13509200513362885,
        0.111248679459095,
        0.11203529685735703,
        0.10213639587163925,
        0.10747744143009186,
        0.10726767778396606,
        0.09795127809047699,
