{
    "metadata": {
        "config": {
            "epochs": 200,
            "batch_size": 512,
            "model": "LargeContrastiveEncoder(\n  (network): Sequential(\n    (0): Linear(in_features=2048, out_features=8192, bias=True)\n    (1): ReLU()\n    (2): Dropout(p=0.0, inplace=False)\n    (3): Linear(in_features=8192, out_features=8192, bias=True)\n    (4): ReLU()\n    (5): Dropout(p=0.0, inplace=False)\n    (6): Linear(in_features=8192, out_features=4096, bias=True)\n    (7): ReLU()\n    (8): Dropout(p=0.0, inplace=False)\n    (9): Linear(in_features=4096, out_features=4096, bias=True)\n    (10): ReLU()\n    (11): Dropout(p=0.0, inplace=False)\n    (12): Linear(in_features=4096, out_features=2048, bias=True)\n    (13): ReLU()\n    (14): Dropout(p=0.0, inplace=False)\n    (15): Linear(in_features=2048, out_features=2048, bias=True)\n    (16): ReLU()\n    (17): Dropout(p=0.0, inplace=False)\n    (18): Linear(in_features=2048, out_features=1024, bias=True)\n    (19): ReLU()\n    (20): Dropout(p=0.0, inplace=False)\n    (21): Linear(in_features=1024, out_features=512, bias=True)\n  )\n)",
            "criterion": "TripletMarginLoss()",
            "optimizer": "Adam (\nParameter Group 0\n    amsgrad: False\n    betas: (0.9, 0.999)\n    capturable: False\n    differentiable: False\n    eps: 1e-08\n    foreach: None\n    fused: None\n    lr: 1e-05\n    maximize: False\n    weight_decay: 0\n)",
            "end_margin": 0.5,
            "steps_per_batch_train": 41
        },
        "dataset_sizes": {
            "total": 25952,
            "train": 20761,
            "validation": 5191
        }
    },
    "train_loss_history": [
        0.2365463674068451,
        0.1993359923362732,
        0.16248930990695953,
        0.09572498500347137,
        0.09127767384052277,
        0.07701337337493896,
        0.07150712609291077,
        0.07520775496959686,
        0.08952653408050537,
        0.05060547962784767,
        0.06139545142650604,
        0.05939480662345886,
        0.05718967318534851,
        0.055201832205057144,
        0.0483919121325016,
        0.039537373930215836,
        0.0463080070912838,
        0.04305163770914078,
        0.033331818878650665,
        0.07587772607803345,
        0.03416592627763748,
        0.048398733139038086,
        0.040953394025564194,
        0.0403435155749321,
        0.02735244110226631,
        0.047212861478328705,
        0.037695784121751785,
        0.030853714793920517,
        0.04884164035320282,
        0.032649487257003784,
        0.03266718238592148,
        0.030968012288212776,
        0.021556781604886055,
        0.029118426144123077,
        0.02747589722275734,
        0.0317993089556694,
        0.026269931346178055,
        0.02772781252861023,
        0.034200269728899,
        0.013218611478805542,
        0.03060474619269371,
        0.026178527623414993,
        0.019295629113912582,
        0.05947485193610191,
        0.024298157542943954,
        0.01786879077553749,
        0.03468351811170578,
        0.02863452024757862,
        0.030371015891432762,
        0.016752300783991814,
        0.02069869264960289,
        0.02368086576461792,
        0.015581556595861912,
        0.05189640074968338,
        0.025354735553264618,
        0.013418778777122498,
        0.021348237991333008,
        0.03460436314344406,
        0.03542928025126457,
        0.016608601436018944,
        0.01167462207376957,
        0.01766776107251644,
        0.013707106001675129,
        0.014339176937937737,
        0.012473125010728836,
        0.05999881774187088,
        0.01734018698334694,
        0.011389592662453651,
        0.02546968311071396,
        0.028722576797008514,
        0.04411905258893967,
        0.03934602066874504,
        0.01670445129275322,
        0.014602693729102612,
        0.010963473469018936,
        0.022380148991942406,
        0.014103745110332966,
        0.01785482093691826,
        0.00859042163938284,
        0.007045993581414223,
        0.020685885101556778,
        0.05904839187860489
    ],