{
    "metadata": {
        "config": {
            "epochs": 200,
            "batch_size": 512,
            "model": "LargeContrastiveEncoder(\n  (network): Sequential(\n    (0): Linear(in_features=2048, out_features=8192, bias=True)\n    (1): ReLU()\n    (2): Dropout(p=0.0, inplace=False)\n    (3): Linear(in_features=8192, out_features=8192, bias=True)\n    (4): ReLU()\n    (5): Dropout(p=0.0, inplace=False)\n    (6): Linear(in_features=8192, out_features=4096, bias=True)\n    (7): ReLU()\n    (8): Dropout(p=0.0, inplace=False)\n    (9): Linear(in_features=4096, out_features=4096, bias=True)\n    (10): ReLU()\n    (11): Dropout(p=0.0, inplace=False)\n    (12): Linear(in_features=4096, out_features=2048, bias=True)\n    (13): ReLU()\n    (14): Dropout(p=0.0, inplace=False)\n    (15): Linear(in_features=2048, out_features=2048, bias=True)\n    (16): ReLU()\n    (17): Dropout(p=0.0, inplace=False)\n    (18): Linear(in_features=2048, out_features=1024, bias=True)\n    (19): ReLU()\n    (20): Dropout(p=0.0, inplace=False)\n    (21): Linear(in_features=1024, out_features=512, bias=True)\n  )\n)",
            "criterion": "TripletMarginLoss()",
            "optimizer": "Adam (\nParameter Group 0\n    amsgrad: False\n    betas: (0.9, 0.999)\n    capturable: False\n    differentiable: False\n    eps: 1e-08\n    foreach: None\n    fused: None\n    lr: 1e-05\n    maximize: False\n    weight_decay: 0\n)",
            "end_margin": 0.5,
            "steps_per_batch_train": 38
        },
        "dataset_sizes": {
            "total": 23998,
            "train": 19198,
            "validation": 4800
        }
    },
    "train_loss_history": [
        0.413095623254776,
        0.1232585459947586,
        0.13575099408626556,
        0.08248919248580933,
        0.10865898430347443,
        0.10793116688728333,
        0.08882322907447815,
        0.07488152384757996,
        0.0743907243013382,
        0.04169205576181412,
        0.06510996073484421,
        0.06570249795913696,
        0.09049561619758606,
        0.05667048692703247,
        0.05985330045223236,
        0.04344375431537628,
        0.06423066556453705,
        0.04834294319152832,
        0.04992340877652168,
        0.04230432212352753,
        0.047920383512973785,
        0.04867096245288849,
        0.04459695518016815,
        0.05815580487251282,
        0.03387771546840668,
        0.04819435626268387,
        0.035374388098716736,
        0.04118359088897705,
        0.03996443748474121,
        0.03885775804519653,
        0.041867151856422424,
        0.046870604157447815,
        0.06017062067985535,
        0.03971581906080246,
        0.04026761278510094,
        0.028485510498285294,
        0.03619872033596039,
        0.06023510545492172,
        0.04057537019252777,
        0.04057002812623978,
        0.035449735820293427,
        0.03746847063302994,
        0.03333325311541557,
        0.022097308188676834,
        0.030671551823616028,
        0.03001919388771057,
        0.029931647703051567,
        0.017832253128290176,
        0.041043054312467575,
        0.04090096428990364,
        0.02043367549777031,
        0.015971848741173744,
        0.021190764382481575,
        0.018044363707304,
        0.023982267826795578,
        0.022832704707980156,
        0.022631453350186348,
        0.021500257775187492,
        0.02950391173362732,
        0.03788776695728302,
        0.028408143669366837,
        0.015530670993030071,
        0.022160694003105164,
        0.02595972642302513,
        0.021184785291552544,
        0.014062182046473026,
        0.025270063430070877,
        0.03148849308490753,
        0.04484623298048973,
        0.02509298175573349,
        0.03260975331068039,
        0.018194781616330147,
        0.021387306973338127,
        0.03371307998895645,
        0.007846565917134285,
        0.02131222002208233
    ],
    "val_loss_history": [
        0.4999028712511063,
        0.4828070253133774,
        0.3401262879371643,
        0.17968378216028214,
        0.14953218251466752,
        0.13483035415410996,
        0.12346822842955589,
        0.10698165446519851,
        0.1119773767888546,
        0.10085014626383781,
        0.10869610235095024,
        0.08802279531955719,
        0.0908053956925869,
        0.09348809123039245,
        0.08054358512163162,
        0.08891149312257766,
        0.07751022055745124,
        0.07347113303840161,
        0.0969968281686306,
        0.07123496308922768,
        0.08249546661972999,
        0.07788728661835194,
        0.06768624037504196,
        0.0685680266469717,
        0.08278746008872986,
        0.06468549706041812,
        0.061924030631780626,
        0.10722226724028587,
        0.058258211240172386,
        0.08379949554800988,
        0.060024847462773326,
        0.0760113064199686,
        0.0672120351344347,
        0.06742453798651696,
        0.07590859457850456,
        0.07384606823325157,
        0.06927962563931941,
        0.06621872372925282,
        0.061521473526954654,
        0.06057655364274979,
        0.06336324736475944,
        0.06262248232960702,
        0.06939267106354237,
        0.05660235621035099,
        0.05197140797972679,
        0.05154774375259876,
        0.07224223241209984,
        0.056839514151215555,
        0.05208609364926815,
        0.05413270704448223,
        0.06961405389010906,
        0.0589626457542181,
        0.052364911139011386,
        0.05943019017577171,
        0.053985419869422915,
        0.0593621376901865,
        0.05062042400240898,
        0.054220810532569885,
        0.05239586289972067,
        0.04763449355959892,
        0.05299885608255863,
        0.05277697704732418,
        0.050149062648415565,
        0.05123714841902256,
        0.04603792298585176,
        0.05128484144806862,
        0.047275910153985023,
        0.05043973289430141,
        0.05386844649910927,
        0.05109884142875672,
        0.04805959686636925,
        0.043294962123036386,
        0.05061856396496296,
        0.04936295673251152,
        0.0520799420773983,
        0.04723740667104721,
        0.04893132820725441,
        0.04475032314658165,
        0.043597106263041495,
        0.04367645718157291,
        0.04449533857405186,
        0.04531792365014553,
        0.042745891772210595,
        0.04930741526186466,
        0.04429925382137299,
        0.04821939431130886,
        0.046907016448676585,
        0.04534307979047299,
        0.04128596745431423,
        0.04664664901793003,
        0.04859179370105267,
        0.04317380115389824,
        0.044015060365200046,
        0.043503664433956146,
        0.04586803950369358,
        0.0462817132472992,
        0.0448900269344449,
        0.041992975026369096,
        0.041864002123475075,
        0.043420642241835596,
        0.042057079076766965,
        0.04439308792352677,
        0.04247468262910843,
        0.038629934564232825,
        0.0375468123704195,
        0.03929352778941393,
        0.03995247334241867,
        0.04010361731052399,
        0.044501126185059546,
        0.04069961979985237,
        0.039861473441123965,
        0.039263871125876905,
        0.034433678910136226,
        0.041704481840133666,
        0.035737148486077785,
        0.03790654195472598,
        0.03739900579676032,
        0.03668288644403219,
        0.04164871815592051,
        0.041178553365170956,
        0.0374542023986578,
        0.03879786841571331,
        0.04270970169454813,
        0.03948854207992554,
        0.04109078384935856,
        0.043005289509892464,
        0.03704030867666006,
        0.040022814832627776,
        0.03488035569898784,
        0.04304394293576479,
        0.04413737803697586,
        0.04170838538557291,
        0.03613255172967911,
        0.03700954932719469,
        0.04075904823839664,
        0.04652176257222891,
        0.04069440569728613,
        0.036656662821769714,
        0.039910769648849966,
        0.04180444180965424,
