{
    "metadata": {
        "config": {
            "epochs": 200,
            "batch_size": 512,
            "model": "LargeContrastiveEncoder(\n  (network): Sequential(\n    (0): Linear(in_features=2048, out_features=8192, bias=True)\n    (1): ReLU()\n    (2): Dropout(p=0.0, inplace=False)\n    (3): Linear(in_features=8192, out_features=8192, bias=True)\n    (4): ReLU()\n    (5): Dropout(p=0.0, inplace=False)\n    (6): Linear(in_features=8192, out_features=4096, bias=True)\n    (7): ReLU()\n    (8): Dropout(p=0.0, inplace=False)\n    (9): Linear(in_features=4096, out_features=4096, bias=True)\n    (10): ReLU()\n    (11): Dropout(p=0.0, inplace=False)\n    (12): Linear(in_features=4096, out_features=2048, bias=True)\n    (13): ReLU()\n    (14): Dropout(p=0.0, inplace=False)\n    (15): Linear(in_features=2048, out_features=2048, bias=True)\n    (16): ReLU()\n    (17): Dropout(p=0.0, inplace=False)\n    (18): Linear(in_features=2048, out_features=1024, bias=True)\n    (19): ReLU()\n    (20): Dropout(p=0.0, inplace=False)\n    (21): Linear(in_features=1024, out_features=512, bias=True)\n  )\n)",
            "criterion": "TripletMarginLoss()",
            "optimizer": "Adam (\nParameter Group 0\n    amsgrad: False\n    betas: (0.9, 0.999)\n    capturable: False\n    differentiable: False\n    eps: 1e-08\n    foreach: None\n    fused: None\n    lr: 1e-05\n    maximize: False\n    weight_decay: 0\n)",
            "end_margin": 0.5,
            "steps_per_batch_train": 36
        },
        "dataset_sizes": {
            "total": 22450,
            "train": 17960,
            "validation": 4490
        }
    },
    "train_loss_history": [
        0.24514080584049225,
        0.22326114773750305,
        0.16702614724636078,
        0.19917041063308716,
        0.14739489555358887,
        0.13072878122329712,
        0.12255246937274933,
        0.12860417366027832,
        0.058890748769044876,
        0.1472320258617401,
        0.1165311336517334,
        0.09489507973194122,
        0.12148014456033707,
        0.15374988317489624,
        0.10268379747867584,
        0.2094874083995819,
        0.1047620177268982,
        0.14495395123958588,
        0.08553038537502289,
        0.08886846899986267,
        0.09583204984664917,
        0.09708940982818604,
        0.12741400301456451,
        0.08893090486526489,
        0.09280131757259369,
        0.07744981348514557,
        0.09375941008329391,
        0.07711161673069,
        0.05322902649641037,
        0.07813448458909988,
        0.06048841029405594,
        0.07271437346935272,
        0.08563974499702454,
        0.07535987347364426,
        0.06311353296041489,
        0.06643107533454895,
        0.07179111242294312,
        0.08209729194641113,
        0.04869239404797554,
        0.08668774366378784,
        0.0700676292181015,
        0.0651792585849762,
        0.0744488388299942,
        0.043461598455905914,
        0.05176764354109764,
        0.059173546731472015,
        0.06620606034994125,
        0.048701513558626175,
        0.04735000431537628,
        0.07222826778888702,
        0.04724317789077759,
        0.035642560571432114,
        0.06021495163440704,
        0.07325290888547897,
        0.0759420096874237,
        0.06992832571268082,
        0.046558331698179245,
        0.03800196200609207,
        0.06358281522989273,
        0.05429977551102638,
        0.03921452909708023,
        0.0410899817943573,
        0.10344703495502472,
        0.05228794366121292,
        0.044632233679294586,
        0.030374005436897278,
        0.043622180819511414,
        0.030126092955470085,
        0.043798305094242096,
        0.038771554827690125,
        0.04821170121431351,
        0.04117157682776451
    ],
    "val_loss_history": [
        0.4994383752346039,
        0.4361497759819031,
        0.24770117137167189,
        0.2925846311781142,
        0.2322340640756819,
        0.21789840360482535,
        0.18467787239286634,
        0.16623224649164411,
        0.17787215444776747,
        0.14918911788198683,
        0.15003948244783613,
        0.19087372720241547,
        0.19571046696768868,
        0.13672620058059692,
        0.13128200504514906,
        0.1406293147140079,
        0.1733696609735489,
        0.13252314097351497,
        0.1345810658401913,
        0.13198804358641306,
        0.13317056745290756,
        0.1587066650390625,
        0.13350856221384472,
        0.12279523577955034,
        0.12559849272171655,
        0.12120139681630665,
        0.1265135556459427,
        0.23264699512057835,
        0.11657483296261893,
        0.11264897634585698,
        0.13471275154087278,
        0.14123789303832585,
        0.1110109074248208,
        0.13369865384366778,
        0.15023720926708645,
        0.11644429133998023,
        0.10269645104805629,
        0.1402737730079227,
        0.10402260720729828,
        0.10514453136258656,
        0.09894391149282455,
        0.10377323296335009,
        0.12386480553282632,
        0.14098596158954832,
        0.13417124582661522,
        0.12718177090088525,
        0.1269079993168513,
        0.12568270663420358,
        0.11819503042432997,
        0.11215065585242377,
        0.11836540285083982,
        0.1158525836136606,
        0.11352631449699402,
        0.11144775566127565,
        0.1150210632218255,
        0.1159368430574735,
        0.10614510708385044,
        0.109279313021236,
        0.10902783440219031,
        0.10734648009141286,
        0.10599454243977864,
        0.10085454914304945,
        0.10035030047098796,
        0.10232534507910411,
        0.10156222681204478,
        0.0996829585896598,
        0.09822781135638554,
        0.09799771424796846,
        0.09881843047009574,
        0.09549530264404085,
        0.0895240389638477,
        0.09726261347532272,
        0.0860800991455714,
        0.09018234411875407,
        0.08772846228546566,
        0.08880854977501763,
        0.08646018471982744,
        0.08483492996957567,
        0.07879667232433955,
        0.0941970447699229,
        0.08201928105619219,
        0.0848634433415201,
        0.07938528557618459,
        0.08304948442512089,
        0.08086050384574467,
        0.07958418627580006,
        0.07634683698415756,
        0.08757208618852827,
        0.07853523227903578,
        0.0839672399063905,
        0.07679066393110487,
        0.10712654309140311,
        0.07850373577740458,
        0.08089286627040969,
        0.07798911796675788,
        0.07529464115699132,
        0.07956618981228934,
        0.07245028681225246,
        0.07319776879416572,
        0.088551950123575,
        0.07566554389066166,
        0.07260442939069536,
        0.07901260091198815,
        0.08019197897778617,
        0.07008206595977147,
        0.06818773514694637,
        0.07549695587820476,
        0.06467109504673216,
        0.07107272661394543,
        0.0666287201974127,
        0.06328968207041423,
        0.06734048533770773,
        0.07002924134333928,
        0.06486349884006712,
        0.07102168930901422,
        0.0668680075969961,
        0.06379618785447544,
        0.06255216110083792,
        0.06906746120916472,
        0.06895420700311661,
        0.060189895745780736,
        0.06678691216641003,
        0.0731668650276131,
        0.07313475136955579,
        0.06584550357527202,
        0.06252578811513053,
        0.06318461398283641,
        0.06757467985153198,
        0.08395268933640586,
        0.06593277760677868,
        0.06217344808909628,
        0.0616445719367928,
        0.059861106177171074,
        0.06393669090337223,
        0.06793337770634228,
        0.061899923202064305,
        0.06122292702396711,
        0.06102042976352903,
        0.08096269269784291,
        0.06278257941206296,
        0.06218036885062853,
        0.07024997762507862,
        0.061455452193816505,
        0.060387717766894236,
        0.05949029905928506,
        0.06236663046810362,
