{
    "metadata": {
        "config": {
            "epochs": 200,
            "batch_size": 512,
            "model": "LargeContrastiveEncoder(\n  (network): Sequential(\n    (0): Linear(in_features=2048, out_features=8192, bias=True)\n    (1): ReLU()\n    (2): Dropout(p=0.0, inplace=False)\n    (3): Linear(in_features=8192, out_features=8192, bias=True)\n    (4): ReLU()\n    (5): Dropout(p=0.0, inplace=False)\n    (6): Linear(in_features=8192, out_features=4096, bias=True)\n    (7): ReLU()\n    (8): Dropout(p=0.0, inplace=False)\n    (9): Linear(in_features=4096, out_features=4096, bias=True)\n    (10): ReLU()\n    (11): Dropout(p=0.0, inplace=False)\n    (12): Linear(in_features=4096, out_features=2048, bias=True)\n    (13): ReLU()\n    (14): Dropout(p=0.0, inplace=False)\n    (15): Linear(in_features=2048, out_features=2048, bias=True)\n    (16): ReLU()\n    (17): Dropout(p=0.0, inplace=False)\n    (18): Linear(in_features=2048, out_features=1024, bias=True)\n    (19): ReLU()\n    (20): Dropout(p=0.0, inplace=False)\n    (21): Linear(in_features=1024, out_features=512, bias=True)\n  )\n)",
            "criterion": "TripletMarginLoss()",
            "optimizer": "Adam (\nParameter Group 0\n    amsgrad: False\n    betas: (0.9, 0.999)\n    capturable: False\n    differentiable: False\n    eps: 1e-08\n    foreach: None\n    fused: None\n    lr: 1e-05\n    maximize: False\n    weight_decay: 0\n)",
            "end_margin": 0.5,
            "steps_per_batch_train": 45
        },
        "dataset_sizes": {
            "total": 28800,
            "train": 23040,
            "validation": 5760
        }
    },
    "train_loss_history": [
        0.39763396978378296,
        0.3979911804199219,
        0.35692256689071655,
        0.3077809810638428,
        0.30743151903152466,
        0.26516199111938477,
        0.36328715085983276,
        0.25372472405433655,
        0.25102242827415466,
        0.23617535829544067,
        0.225613534450531,
        0.21580058336257935,
        0.21354234218597412,
        0.20874838531017303,
        0.1857283115386963,
        0.15875181555747986,
        0.17985603213310242,
        0.19478166103363037,
        0.15911944210529327,
        0.19940900802612305,
        0.16334205865859985,
        0.17516127228736877,
        0.17669153213500977,
        0.13367189466953278,
        0.19055025279521942,
        0.13391032814979553,
        0.16773739457130432,
        0.13765504956245422,
        0.1611769199371338,
        0.15192648768424988,
        0.14251276850700378,
        0.13460120558738708,
        0.1443844735622406,
        0.15616804361343384,
        0.11509332805871964,
        0.1184813380241394,
        0.1120760589838028,
        0.14526116847991943,
        0.14509248733520508,
        0.10025370121002197,
        0.11504533141851425,
        0.1291690170764923,
        0.1491636484861374,
        0.12061861157417297,
        0.1619139015674591,
        0.11168941110372543,
        0.14406907558441162,
        0.1265794336795807,
        0.1295132040977478,
        0.11679308861494064,
        0.12328749895095825,
        0.1244993731379509,
        0.11793693900108337,
        0.1259724348783493,
        0.11824463307857513,
        0.08636121451854706,
        0.1078697144985199,
        0.14235985279083252,
        0.14239376783370972,
        0.12416418641805649,
        0.115447498857975,
        0.11857981979846954,
        0.13458503782749176,
        0.11332187801599503,
        0.11298725754022598,
        0.12392650544643402,
        0.12223368138074875,
        0.13327321410179138,
        0.11448599398136139,
        0.10174503922462463,
        0.12476083636283875,
        0.10717091709375381,
        0.09652119874954224,
        0.1007794514298439,
        0.09115717560052872,
        0.1234443336725235,
        0.08805947005748749,
        0.1133563220500946,
        0.10698329657316208,
        0.09995152056217194,
        0.08915701508522034,
        0.12309212982654572,
        0.10684145987033844,
        0.10572341084480286,
        0.08862899243831635,
        0.12870903313159943,
        0.11420689523220062,
        0.11140401661396027,
        0.09751985967159271,
        0.1028534322977066
    ],