{
    "metadata": {
        "config": {
            "epochs": 200,
            "batch_size": 512,
            "model": "LargeContrastiveEncoder(\n  (network): Sequential(\n    (0): Linear(in_features=2048, out_features=8192, bias=True)\n    (1): ReLU()\n    (2): Dropout(p=0.0, inplace=False)\n    (3): Linear(in_features=8192, out_features=8192, bias=True)\n    (4): ReLU()\n    (5): Dropout(p=0.0, inplace=False)\n    (6): Linear(in_features=8192, out_features=4096, bias=True)\n    (7): ReLU()\n    (8): Dropout(p=0.0, inplace=False)\n    (9): Linear(in_features=4096, out_features=4096, bias=True)\n    (10): ReLU()\n    (11): Dropout(p=0.0, inplace=False)\n    (12): Linear(in_features=4096, out_features=2048, bias=True)\n    (13): ReLU()\n    (14): Dropout(p=0.0, inplace=False)\n    (15): Linear(in_features=2048, out_features=2048, bias=True)\n    (16): ReLU()\n    (17): Dropout(p=0.0, inplace=False)\n    (18): Linear(in_features=2048, out_features=1024, bias=True)\n    (19): ReLU()\n    (20): Dropout(p=0.0, inplace=False)\n    (21): Linear(in_features=1024, out_features=512, bias=True)\n  )\n)",
            "criterion": "TripletMarginLoss()",
            "optimizer": "Adam (\nParameter Group 0\n    amsgrad: False\n    betas: (0.9, 0.999)\n    capturable: False\n    differentiable: False\n    eps: 1e-08\n    foreach: None\n    fused: None\n    lr: 1e-05\n    maximize: False\n    weight_decay: 0\n)",
            "end_margin": 0.5,
            "steps_per_batch_train": 132
        },
        "dataset_sizes": {
            "total": 84366,
            "train": 67492,
            "validation": 16874
        }
    },
    "train_loss_history": [
        0.39823460578918457,
        0.32384055852890015,
        0.28038880228996277,
        0.26105213165283203,
        0.23335039615631104,
        0.2129397690296173,
        0.25793081521987915,
        0.25068914890289307,
        0.21757522225379944,
        0.19663213193416595,
        0.18600302934646606,
        0.18865831196308136,
        0.19798623025417328,
        0.17718486487865448,
        0.1804366409778595,
        0.1689392626285553,
        0.1622057855129242,
        0.17773263156414032,
        0.15413597226142883,
        0.1515038162469864,
        0.16803772747516632,
        0.14084553718566895,
        0.16918224096298218,
        0.16907650232315063,
        0.15482956171035767,
        0.16566920280456543,
        0.1436866670846939,
        0.1371314972639084,
        0.15934008359909058,
        0.1451018750667572,
        0.14890709519386292,
        0.12240254878997803,
        0.15427538752555847,
        0.13521671295166016,
        0.14909277856349945,
        0.10726764053106308,
        0.16176164150238037,
        0.16554126143455505,
        0.1134190708398819,
        0.12229882180690765,
        0.1457182914018631,
        0.10287094116210938,
        0.14777514338493347,
        0.1168561577796936,
        0.11973409354686737,
        0.10535341501235962,
        0.10473858565092087,
        0.1465582549571991,
        0.11266791820526123,
        0.11390721797943115,
        0.10027939081192017,
        0.13153192400932312,
        0.1397053301334381,
        0.12250380218029022,
        0.13975076377391815,
        0.12817730009555817,
        0.11959625780582428,
        0.09569162130355835,
        0.1044192984700203,
        0.10534797608852386,
        0.12619654834270477,
        0.11281883716583252,
        0.13142412900924683,
        0.1130698025226593,
        0.11244159936904907,
        0.10621533542871475,
        0.11446967720985413,
        0.13227912783622742,
        0.10519431531429291,
        0.13711601495742798,
        0.11540496349334717,
        0.10580781102180481,
        0.10710281133651733,
        0.11028968542814255,
        0.08389346301555634,
        0.1293087899684906,
        0.11562894284725189,
        0.1269352287054062,
        0.09800440073013306,
        0.09660850465297699,
        0.09450366348028183,
        0.11816364526748657,
        0.1034981980919838,
        0.10242962092161179,
        0.13976183533668518,
        0.08767393231391907,
        0.12084890156984329,
        0.11180545389652252,
        0.12481143325567245,
        0.10546256601810455,
        0.10313420742750168,
        0.11361126601696014,
        0.10746057331562042,
        0.0990976020693779,
        0.08795692026615143,
        0.12319820374250412,
        0.11961913853883743,
        0.13008245825767517,
        0.09579810500144958,
        0.11849334090948105,
        0.10812129825353622,
        0.10117168724536896,
        0.09857946634292603,
        0.09418871998786926,
        0.1212458536028862,
        0.10890252143144608,
        0.09263088554143906,
        0.10964863002300262,
        0.08670614659786224,
        0.0929434522986412,
        0.14196200668811798,
        0.12415178120136261,
        0.12408731132745743,
        0.1251218616962433,
        0.11355176568031311,
        0.10315464437007904,
        0.1041000634431839,
        0.08474672585725784,
        0.1004636138677597,
        0.10854404419660568,
        0.12011105567216873,
        0.11161613464355469,
        0.1427188515663147,
        0.10768263041973114,
        0.11600633710622787,
        0.10449185967445374,
        0.0925852358341217,
        0.10630303621292114,
        0.11937850713729858,
        0.11397276818752289,
        0.11032978445291519,
        0.08132373541593552,
        0.11244058609008789,
        0.1339707374572754,
        0.0927874892950058,
        0.08812594413757324,
        0.1037997156381607,
        0.09836146980524063,
        0.1338883638381958,
        0.07367205619812012,
        0.10461978614330292,
        0.09761770814657211,
        0.09946086257696152,
        0.12498577684164047,
        0.1348785161972046,
        0.112555593252182,
        0.1042146235704422,
        0.11149506270885468,
        0.09826433658599854,
        0.11292469501495361,
        0.10783318430185318,
        0.10080032050609589,
        0.11091436445713043,
        0.1261705756187439,
        0.09300007671117783,
        0.09961143136024475,
        0.08900550752878189,
        0.11433820426464081,
        0.10386551171541214,
        0.10254237055778503,
        0.10977157950401306,
        0.0876360684633255,
        0.09709592163562775,
        0.09192250669002533,
        0.10113690048456192,
        0.10284730046987534,
        0.09951362013816833,
        0.09771068394184113,
        0.10048113763332367,
        0.1062140092253685,
        0.10578744113445282,
        0.10819783806800842,
        0.1061963140964508,
        0.08740539848804474,
        0.09849383682012558,
        0.0979950800538063,
        0.10068061947822571,
        0.10038277506828308,
        0.11362409591674805,
        0.09842631220817566,
        0.11984029412269592,
        0.07534511387348175,
        0.08760985732078552,
        0.07823885977268219,
        0.08084525913000107,
        0.09477566927671432,
        0.08852282911539078,
        0.09499933570623398,
        0.09378940612077713,
        0.1010199636220932,
        0.09566821902990341,
        0.0814225822687149,
        0.10302332043647766,
        0.098853699862957,
        0.09289278090000153,
        0.0836075022816658,
        0.0980665385723114,
        0.12044917792081833,
        0.13532601296901703,
        0.11796975135803223,
        0.09835982322692871,
        0.10200029611587524,
        0.07310471683740616,
        0.08263739943504333,
        0.10362847149372101,
        0.08679595589637756,
        0.0802566260099411,
        0.09464116394519806,
        0.09170243889093399,
        0.11100337654352188,
        0.09341651201248169,
        0.08581792563199997,
        0.09895490109920502,
        0.0989588052034378,
        0.10343635827302933,
        0.13219651579856873,
        0.08587806671857834,
        0.07387445867061615,
        0.09026895463466644,
        0.1046706959605217,
