{
    "metadata": {
        "config": {
            "epochs": 200,
            "batch_size": 512,
            "model": "LargeContrastiveEncoder(\n  (network): Sequential(\n    (0): Linear(in_features=2048, out_features=8192, bias=True)\n    (1): ReLU()\n    (2): Dropout(p=0.0, inplace=False)\n    (3): Linear(in_features=8192, out_features=8192, bias=True)\n    (4): ReLU()\n    (5): Dropout(p=0.0, inplace=False)\n    (6): Linear(in_features=8192, out_features=4096, bias=True)\n    (7): ReLU()\n    (8): Dropout(p=0.0, inplace=False)\n    (9): Linear(in_features=4096, out_features=4096, bias=True)\n    (10): ReLU()\n    (11): Dropout(p=0.0, inplace=False)\n    (12): Linear(in_features=4096, out_features=2048, bias=True)\n    (13): ReLU()\n    (14): Dropout(p=0.0, inplace=False)\n    (15): Linear(in_features=2048, out_features=2048, bias=True)\n    (16): ReLU()\n    (17): Dropout(p=0.0, inplace=False)\n    (18): Linear(in_features=2048, out_features=1024, bias=True)\n    (19): ReLU()\n    (20): Dropout(p=0.0, inplace=False)\n    (21): Linear(in_features=1024, out_features=512, bias=True)\n  )\n)",
            "criterion": "TripletMarginLoss()",
            "optimizer": "Adam (\nParameter Group 0\n    amsgrad: False\n    betas: (0.9, 0.999)\n    capturable: False\n    differentiable: False\n    eps: 1e-08\n    foreach: None\n    fused: None\n    lr: 1e-05\n    maximize: False\n    weight_decay: 0\n)",
            "end_margin": 0.5,
            "steps_per_batch_train": 130
        },
        "dataset_sizes": {
            "total": 82818,
            "train": 66254,
            "validation": 16564
        }
    },
    "train_loss_history": [
        0.3809472322463989,
        0.29063281416893005,
        0.24502302706241608,
        0.2543620467185974,
        0.2795032262802124,
        0.2158460021018982,
        0.24038437008857727,
        0.24019914865493774,
        0.19927175343036652,
        0.2389557659626007,
        0.18254204094409943,
        0.23589955270290375,
        0.2024053931236267,
        0.20332324504852295,
        0.17047955095767975,
        0.18862344324588776,
        0.16340775787830353,
        0.18892177939414978,
        0.18659090995788574,
        0.16357773542404175,
        0.18004027009010315,
        0.18736010789871216,
        0.14966318011283875,
        0.16238188743591309,
        0.13491927087306976,
        0.13985338807106018,
        0.13776618242263794,
        0.12427555024623871,
        0.13619792461395264,
        0.1367146223783493,
        0.1253557801246643,
        0.12695759534835815,
        0.12657994031906128,
        0.10872886329889297,
        0.13477244973182678,
        0.1551925092935562,
        0.12270312756299973,
        0.12861937284469604,
        0.12096752971410751,
        0.1287558674812317,
        0.12992353737354279,
        0.12534213066101074,
        0.1259206384420395,
        0.1307363063097,
        0.1072293221950531,
        0.14298419654369354,
        0.11363431811332703,
        0.10683371126651764,
        0.12320199608802795,
        0.10743442177772522,
        0.13145284354686737,
        0.1511775404214859,
        0.13168896734714508,
        0.1367957592010498,
        0.1227881908416748,
        0.11139082908630371,
        0.1217067614197731,
        0.12541693449020386,
        0.10362417250871658,
        0.1195027232170105,
        0.12911149859428406,
        0.10511668771505356,
        0.11214524507522583,
        0.11089345812797546,
        0.1163652092218399,
        0.08711899816989899,
        0.11407196521759033,
        0.08665052801370621,
        0.09689871966838837,
        0.11121280491352081,
        0.11118718236684799,
        0.12633466720581055,
        0.11690949648618698,
        0.10878001898527145,
        0.09263749420642853,
        0.11159829795360565,
        0.09742450714111328,
        0.15349580347537994,
        0.11826720088720322,
        0.10374246537685394,
        0.11599396169185638,
        0.10937394201755524,
        0.13133272528648376,
        0.09578009694814682,
        0.11380624771118164,
        0.10205426812171936,
        0.10757015645503998,
        0.11223393678665161,
        0.12584981322288513,
        0.10411539673805237,
        0.13550376892089844,
        0.1456264704465866,
        0.10438763350248337,
        0.09315717220306396,
        0.08830025792121887,
        0.09507642686367035,
        0.10694127529859543,
        0.09487093985080719,
        0.11982904374599457,
        0.10578212887048721,
        0.10208753496408463,
        0.12439291179180145,
        0.12143686413764954,
        0.09193159639835358,
        0.09269101917743683,
        0.11473555862903595,
        0.10163820534944534,
        0.1084100604057312,
        0.09995770454406738,
        0.10049773007631302,
        0.09433193504810333,
        0.08792851865291595,
        0.09679732471704483,
        0.11700399219989777,
        0.10288242250680923,
        0.10274934768676758,
        0.11577089875936508,
        0.1188250482082367,
        0.12576736509799957,
        0.09543639421463013,
        0.10014395415782928,
        0.10085414350032806,
        0.09575775265693665,
        0.10650936514139175,
        0.08468791842460632,
        0.08413653075695038,
        0.10299504548311234,
        0.09575559198856354,
        0.12002458423376083,
        0.10337099432945251,
        0.09058070182800293,
        0.09789034724235535,
        0.09548668563365936,
        0.10222524404525757,
        0.09567677974700928,
        0.11742350459098816,
        0.10633985698223114,
        0.10549044609069824,
        0.10451708734035492,
        0.10659193992614746,
        0.10528598725795746,
        0.10369455814361572,
        0.10172949731349945,
        0.09088017046451569,
        0.11601656675338745,
        0.10334470868110657,
        0.08021639287471771,
        0.0971440002322197,
        0.09059503674507141,
        0.08031237125396729,
        0.10907907038927078,
        0.1112418919801712,
        0.08223554491996765,
        0.1026577353477478,
        0.08918292075395584,
        0.10219518840312958,
        0.09309267997741699,
        0.09993293136358261,
        0.10974667966365814,
        0.08128346502780914,
        0.09753122925758362,
        0.09561248868703842,
        0.11351463198661804,
        0.09752319008111954,
        0.07786542922258377,
        0.1051056832075119,
        0.09972932934761047,
        0.09660107642412186,
        0.09768843650817871,
        0.11861563473939896,
        0.08446872234344482,
        0.09307174384593964,
        0.07709145545959473,
        0.11169439554214478,
        0.09454933553934097,
        0.08968733251094818,
        0.09281507134437561,
        0.10593469440937042,
        0.10476095974445343,
        0.10151569545269012,
        0.09363792091608047,
        0.1347591131925583,
        0.10943810641765594,
        0.09605380147695541,
        0.10543840378522873,
        0.11033297330141068,
        0.08516987413167953,
        0.10075566172599792,
        0.08370442688465118,
        0.09136568009853363,
        0.09643156826496124,
        0.08589949458837509,
        0.10655219852924347,
        0.10080907493829727,
        0.06808044761419296,
        0.08350478112697601,
        0.09582069516181946,
        0.07382819056510925,
        0.1052531749010086,
        0.09497258067131042,
        0.06565205752849579,
        0.10768276453018188,
        0.11115762591362,
        0.08692127466201782,
        0.08819635957479477,
        0.08225667476654053,
        0.11810135841369629,
        0.09312526881694794,
        0.08129730820655823,
        0.09277956187725067,
        0.08311817049980164,
        0.08393770456314087,
        0.09279370307922363,
        0.07019215822219849,
        0.0806872621178627,
        0.09498359262943268,
        0.09614047408103943,
        0.08937195688486099,
        0.10089900344610214,
