{
    "metadata": {
        "config": {
            "epochs": 200,
            "batch_size": 512,
            "model": "LargeContrastiveEncoder(\n  (network): Sequential(\n    (0): Linear(in_features=2048, out_features=8192, bias=True)\n    (1): ReLU()\n    (2): Dropout(p=0.0, inplace=False)\n    (3): Linear(in_features=8192, out_features=8192, bias=True)\n    (4): ReLU()\n    (5): Dropout(p=0.0, inplace=False)\n    (6): Linear(in_features=8192, out_features=4096, bias=True)\n    (7): ReLU()\n    (8): Dropout(p=0.0, inplace=False)\n    (9): Linear(in_features=4096, out_features=4096, bias=True)\n    (10): ReLU()\n    (11): Dropout(p=0.0, inplace=False)\n    (12): Linear(in_features=4096, out_features=2048, bias=True)\n    (13): ReLU()\n    (14): Dropout(p=0.0, inplace=False)\n    (15): Linear(in_features=2048, out_features=2048, bias=True)\n    (16): ReLU()\n    (17): Dropout(p=0.0, inplace=False)\n    (18): Linear(in_features=2048, out_features=1024, bias=True)\n    (19): ReLU()\n    (20): Dropout(p=0.0, inplace=False)\n    (21): Linear(in_features=1024, out_features=512, bias=True)\n  )\n)",
            "criterion": "TripletMarginLoss()",
            "optimizer": "Adam (\nParameter Group 0\n    amsgrad: False\n    betas: (0.9, 0.999)\n    capturable: False\n    differentiable: False\n    eps: 1e-08\n    foreach: None\n    fused: None\n    lr: 1e-05\n    maximize: False\n    weight_decay: 0\n)",
            "end_margin": 0.5,
            "steps_per_batch_train": 136
        },
        "dataset_sizes": {
            "total": 86680,
            "train": 69344,
            "validation": 17336
        }
    },
    "train_loss_history": [
        0.3824639320373535,
        0.31943321228027344,
        0.259291410446167,
        0.23277100920677185,
        0.30304738879203796,
        0.21101175248622894,
        0.1878167986869812,
        0.19266808032989502,
        0.20520421862602234,
        0.2085631787776947,
        0.20430991053581238,
        0.2050170600414276,
        0.18102173507213593,
        0.17919328808784485,
        0.1718386560678482,
        0.17686396837234497,
        0.14354360103607178,
        0.14159813523292542,
        0.14636918902397156,
        0.16180753707885742,
        0.16184304654598236,
        0.15065772831439972,
        0.124342180788517,
        0.12411855161190033,
        0.13446487486362457,
        0.1140851378440857,
        0.11968251317739487,
        0.12466248869895935,
        0.10168692469596863,
        0.1185057982802391,
        0.14871269464492798,
        0.14892005920410156,
        0.12988747656345367,
        0.10026996582746506,
        0.1324506551027298,
        0.0989440307021141,
        0.11784668266773224,
        0.16375133395195007,
        0.12147552520036697,
        0.1200375109910965,
        0.11035744845867157,
        0.12312611937522888,
        0.0905938446521759,
        0.12878069281578064,
        0.12383401393890381,
        0.09477376192808151,
        0.12467662990093231,
        0.11706210672855377,
        0.09009794890880585,
        0.08315819501876831,
        0.10967187583446503,
        0.13101238012313843,
        0.11432287096977234,
        0.10961665958166122,
        0.12023334205150604,
        0.15592534840106964,
        0.13739894330501556,
        0.13773593306541443,
        0.13694195449352264,
        0.09352733939886093,
        0.11308088898658752,
        0.11284929513931274,
        0.09897086024284363,
        0.08897086977958679,
        0.11433634907007217,
        0.11491911858320236,
        0.11339583992958069,
        0.09090343862771988,
        0.10529109835624695,
        0.10110575705766678,
        0.11656884104013443,
        0.10842224955558777,
        0.12864349782466888,
        0.11036241799592972,
        0.10312819480895996,
        0.09587867558002472,
        0.11622045934200287,
        0.0966540277004242,
        0.09378139674663544,
        0.10596507787704468,
        0.09064013510942459,
        0.10546701401472092,
        0.10020534694194794,
        0.1083717942237854,
        0.10479678213596344,
        0.08955037593841553,
        0.09164102375507355,
        0.09411600232124329,
        0.10758256912231445,
        0.08580078184604645,
        0.08908003568649292,
        0.13147278130054474,
        0.12938250601291656,
        0.09378227591514587,
        0.09239368140697479,
        0.09694187343120575,
        0.11244940757751465,
        0.08872735500335693,
        0.09201274067163467,
        0.10050450265407562,
        0.09719716757535934,
        0.09707138687372208,
        0.10947544127702713,
        0.11564145982265472,
        0.10341648757457733,
        0.12682437896728516,
        0.10184118896722794,
        0.067408487200737,
        0.09331579506397247,
        0.07759499549865723,
        0.09173858165740967,
        0.11054433137178421,
        0.0888030081987381,
        0.1010081022977829,
        0.09616483002901077,
        0.08476759493350983,
        0.10369769483804703,
        0.08341977745294571,
        0.09663698077201843,
        0.09022055566310883,
        0.0985783189535141,
        0.10926316678524017,
        0.09064503759145737,
        0.11345365643501282,
        0.09337820112705231,
        0.08245479315519333,
        0.10374049097299576,
        0.11455008387565613,
        0.10782487690448761,
        0.08698433637619019,
        0.08201968669891357,
        0.11286210268735886,
        0.10320788621902466,
        0.10785543918609619,
        0.08382560312747955,
        0.08414439857006073,
        0.09559664130210876,
        0.08104220032691956,
        0.08541465550661087,
        0.09534245729446411,
        0.1004551500082016,
        0.08616648614406586,
        0.08800747245550156,
        0.08838722854852676,
        0.09621009230613708,
        0.08424575626850128,
        0.10915037244558334,
        0.08334356546401978,
        0.08696265518665314,
        0.08469752222299576,
        0.09386233985424042,
        0.0898774266242981,
        0.10014224052429199,
        0.08087591826915741,
        0.07444611191749573,
        0.07888603210449219,
        0.08819173276424408,
        0.10582376271486282,
        0.11496961116790771,
        0.09235489368438721,
        0.0917985737323761,
        0.10038895905017853,
        0.08561205863952637,
        0.087407186627388,
        0.11659762263298035,
        0.1121094822883606,
        0.08430758118629456,
        0.08073532581329346,
        0.10527736693620682,
        0.13262341916561127,
        0.08876876533031464,
        0.08429445326328278,
        0.11243483424186707,
        0.0829208642244339,
        0.07987319678068161,
        0.11206962168216705,
        0.08528577536344528,
        0.09414851665496826,
        0.08782269805669785,
        0.09359472990036011,
        0.0851646214723587,
        0.0863649994134903,
        0.09919141232967377,
        0.07377134263515472,
        0.0767156258225441,
        0.08714675903320312,
        0.09314289689064026,
        0.10714180767536163,
        0.07767145335674286,
        0.10510267317295074,
        0.09491518884897232,
        0.1011439859867096,
        0.08240707218647003,
        0.1063334047794342,
        0.09159194678068161,
        0.08475691080093384,
        0.07821330428123474,
        0.09231697767972946,
        0.08125777542591095,
        0.08890976756811142,
        0.09966163337230682,
        0.07565736025571823,
        0.10410422831773758,
        0.09628517925739288,
        0.09963317215442657,
        0.10397114604711533,
        0.0906769186258316,
        0.09705257415771484,
        0.09210588783025742,
        0.07864975184202194,
        0.11058502644300461,
        0.07218213379383087,
        0.08563971519470215,
        0.0931941345334053,
        0.08404773473739624,
        0.08972834050655365,
        0.08452729880809784,
        0.09794647991657257,
        0.05771339684724808,
