{
    "metadata": {
        "config": {
            "epochs": 200,
            "batch_size": 512,
            "model": "LargeContrastiveEncoder(\n  (network): Sequential(\n    (0): Linear(in_features=2048, out_features=8192, bias=True)\n    (1): ReLU()\n    (2): Dropout(p=0.0, inplace=False)\n    (3): Linear(in_features=8192, out_features=8192, bias=True)\n    (4): ReLU()\n    (5): Dropout(p=0.0, inplace=False)\n    (6): Linear(in_features=8192, out_features=4096, bias=True)\n    (7): ReLU()\n    (8): Dropout(p=0.0, inplace=False)\n    (9): Linear(in_features=4096, out_features=4096, bias=True)\n    (10): ReLU()\n    (11): Dropout(p=0.0, inplace=False)\n    (12): Linear(in_features=4096, out_features=2048, bias=True)\n    (13): ReLU()\n    (14): Dropout(p=0.0, inplace=False)\n    (15): Linear(in_features=2048, out_features=2048, bias=True)\n    (16): ReLU()\n    (17): Dropout(p=0.0, inplace=False)\n    (18): Linear(in_features=2048, out_features=1024, bias=True)\n    (19): ReLU()\n    (20): Dropout(p=0.0, inplace=False)\n    (21): Linear(in_features=1024, out_features=512, bias=True)\n  )\n)",
            "criterion": "TripletMarginLoss()",
            "optimizer": "Adam (\nParameter Group 0\n    amsgrad: False\n    betas: (0.9, 0.999)\n    capturable: False\n    differentiable: False\n    eps: 1e-08\n    foreach: None\n    fused: None\n    lr: 1e-05\n    maximize: False\n    weight_decay: 0\n)",
            "end_margin": 0.5,
            "steps_per_batch_train": 31
        },
        "dataset_sizes": {
            "total": 19658,
            "train": 15726,
            "validation": 3932
        }
    },
    "train_loss_history": [
        0.4600059986114502,
        0.3557477295398712,
        0.388460636138916,
        0.33071422576904297,
        0.29339420795440674,
        0.26104751229286194,
        0.2740482985973358,
        0.26434820890426636,
        0.22180268168449402,
        0.22139018774032593,
        0.20246824622154236,
        0.23734578490257263,
        0.19685913622379303,
        0.16792604327201843,
        0.18293368816375732,
        0.18900145590305328,
        0.14912670850753784,
        0.14373087882995605,
        0.1701931208372116,
        0.17475342750549316,
        0.17059491574764252,
        0.14699843525886536,
        0.15496641397476196,
        0.18962424993515015,
        0.13143350183963776,
        0.1756688952445984,
        0.15508800745010376,
        0.15293973684310913,
        0.18163782358169556,
        0.14717306196689606,
        0.15518885850906372,
        0.17057982087135315,
        0.1382763832807541,
        0.153771311044693,
        0.1526043564081192,
        0.1537538468837738,
        0.14667412638664246,
        0.13763859868049622,
        0.14599069952964783,
        0.13868717849254608,
        0.1341436505317688,
        0.1471123844385147,
        0.13868236541748047,
        0.15053048729896545,
        0.15067154169082642,
        0.15749551355838776,
        0.12134028226137161,
        0.12346580624580383,
        0.13514043390750885,
        0.13477379083633423,
        0.13990935683250427,
        0.13629186153411865,
        0.1574508249759674,
        0.15692032873630524,
        0.12296818941831589,
        0.13741534948349,
        0.10343916714191437,
        0.11749652028083801,
        0.1250716894865036,
        0.12070393562316895,
        0.13124926388263702,
        0.15164557099342346
    ],
    "val_loss_history": [
        0.4999837689101696,
        0.4993193447589874,
        0.47982385754585266,
        0.38267678394913673,
        0.4016117975115776,
        0.35669637843966484,
        0.34077105298638344,
        0.3261506110429764,
        0.3288760520517826,
        0.4532589316368103,
        0.3604169189929962,
        0.3391084633767605,
        0.3372906222939491,
        0.31572607532143593,
        0.3074427992105484,
        0.3150538541376591,
        0.3009631372988224,
        0.29128485172986984,
        0.2852189391851425,
        0.2628894988447428,
        0.26929796300828457,
        0.26662389747798443,
        0.25334933027625084,
        0.2484740987420082,
        0.250214671716094,
        0.2513879667967558,
        0.23763396963477135,
        0.23473870567977428,
        0.23276715725660324,
        0.22055784054100513,
        0.22010144032537937,
        0.22360066138207912,
        0.21577754244208336,
        0.21549442037940025,
        0.21181698143482208,
        0.205902598798275,
        0.20710144191980362,
        0.21499833650887012,
        0.20487602055072784,
        0.205348065122962,
        0.19955045357346535,
        0.20009731128811836,
        0.2022005245089531,
        0.2022479735314846,
        0.1918987911194563,
        0.19506926834583282,
        0.1962426733225584,
        0.19489198364317417,
        0.18699786625802517,
        0.19408870674669743,
        0.18768035992980003,
        0.18678931146860123,
        0.18922193348407745,
        0.1777117270976305,
        0.18022869899868965,
        0.19431797787547112,
        0.1845944169908762,
        0.18242067843675613,
        0.17878073826432228,
        0.18720203824341297,
        0.18790622428059578,
        0.1768544502556324,
        0.18325091153383255,
        0.18145303055644035,
        0.17550699412822723,
        0.1851016152650118,
        0.18051969446241856,
        0.17709091491997242,
        0.17172412388026714,
        0.18491601198911667,
        0.183103796094656,
        0.17698642425239086,
        0.17284550704061985,
        0.1702274363487959,
        0.17254104651510715,
        0.17193569615483284,
        0.17744982056319714,
        0.17462661862373352,
        0.178781908005476,
        0.17493832670152187,
        0.1808302365243435,
        0.1730241421610117,
        0.1677697841078043,
        0.17263037897646427,
        0.1705382764339447,
        0.17878596484661102,
        0.1690085530281067,
        0.1702352613210678,
        0.16404446586966515,
        0.17242262326180935,
        0.1811877153813839,
        0.1666773296892643,
        0.1733057163655758,
        0.1783786304295063,
        0.1702534779906273,
        0.17187555320560932,
        0.15765775181353092,
        0.16359109990298748,
        0.1714242585003376,
        0.1636385563760996,
        0.16623950563371181,
        0.16408517584204674,
        0.1677856296300888,
        0.17041708342731,
        0.17130652349442244,
        0.16950996033847332,
        0.16504609771072865,
        0.16306187212467194,
        0.16933287680149078,
        0.17510258592665195,
        0.1675660852342844,
        0.16477552987635136,
        0.16596722602844238,
        0.16247724927961826,
        0.161054952070117,
        0.17063406482338905,
        0.16548514552414417,
        0.16853783652186394,
        0.16255806386470795,
        0.16517510637640953,
        0.1669884081929922,
        0.16251061856746674,
        0.16727322526276112,
        0.16777797602117062,
        0.1717441864311695,
        0.15742758102715015,
        0.15920045040547848,
        0.16758550330996513,
        0.17374473623931408,
        0.1683068610727787,
        0.16681149043142796,
        0.16395035199820995,
        0.16063648276031017,
        0.17090702429413795,
        0.16319413483142853,
        0.1667115930467844,
        0.17566166818141937,
        0.1582434754818678,
        0.1633568648248911,
        0.1721530221402645,
        0.16767113097012043,
        0.15710191242396832,
        0.16502059437334538,
        0.1718819923698902,
        0.16263172216713428,
        0.17225196212530136,
        0.1697444710880518,
        0.16503288596868515,
        0.1671485546976328,
        0.171762116253376,
        0.1606639213860035,
        0.16033626161515713,
        0.16612102836370468,
        0.16432441771030426,
        0.17127320915460587,
        0.16246149688959122,
        0.1679047904908657,
        0.16895362734794617,
