{
    "metadata": {
        "config": {
            "epochs": 200,
            "batch_size": 512,
            "model": "LargeContrastiveEncoder(\n  (network): Sequential(\n    (0): Linear(in_features=2048, out_features=8192, bias=True)\n    (1): ReLU()\n    (2): Dropout(p=0.0, inplace=False)\n    (3): Linear(in_features=8192, out_features=8192, bias=True)\n    (4): ReLU()\n    (5): Dropout(p=0.0, inplace=False)\n    (6): Linear(in_features=8192, out_features=4096, bias=True)\n    (7): ReLU()\n    (8): Dropout(p=0.0, inplace=False)\n    (9): Linear(in_features=4096, out_features=4096, bias=True)\n    (10): ReLU()\n    (11): Dropout(p=0.0, inplace=False)\n    (12): Linear(in_features=4096, out_features=2048, bias=True)\n    (13): ReLU()\n    (14): Dropout(p=0.0, inplace=False)\n    (15): Linear(in_features=2048, out_features=2048, bias=True)\n    (16): ReLU()\n    (17): Dropout(p=0.0, inplace=False)\n    (18): Linear(in_features=2048, out_features=1024, bias=True)\n    (19): ReLU()\n    (20): Dropout(p=0.0, inplace=False)\n    (21): Linear(in_features=1024, out_features=512, bias=True)\n  )\n)",
            "criterion": "TripletMarginLoss()",
            "optimizer": "Adam (\nParameter Group 0\n    amsgrad: False\n    betas: (0.9, 0.999)\n    capturable: False\n    differentiable: False\n    eps: 1e-08\n    foreach: None\n    fused: None\n    lr: 1e-05\n    maximize: False\n    weight_decay: 0\n)",
            "end_margin": 0.5,
            "steps_per_batch_train": 32
        },
        "dataset_sizes": {
            "total": 20128,
            "train": 16102,
            "validation": 4026
        }
    },
    "train_loss_history": [
        0.18399980664253235,
        0.10623325407505035,
        0.1001056432723999,
        0.07180532813072205,
        0.04741069674491882,
        0.050997041165828705,
        0.04171670600771904,
        0.017308978363871574,
        0.02358515001833439,
        0.02883180044591427,
        0.02573525533080101,
        0.03386145085096359,
        0.05107983946800232,
        0.02576073817908764,
        0.040862999856472015,
        0.03315259888768196,
        0.03854618966579437,
        0.027794279158115387,
        0.026409823447465897,
        0.027770211920142174,
        0.022653933614492416,
        0.025960784405469894,
        0.046146512031555176,
        0.015955526381731033,
        0.024906989187002182,
        0.02644299529492855,
        0.00826310645788908,
        0.009721198119223118,
        0.0385921485722065,
        0.020613882690668106,
        0.032614629715681076,
        0.029125763103365898,
        0.02506479248404503,
        0.013110039755702019,
        0.030108841136097908,
        0.017908990383148193,
        0.022882364690303802,
        0.022580325603485107,
        0.03125102072954178,
        0.02624616213142872,
        0.02460968866944313,
        0.02315252646803856,
        0.01873520389199257,
        0.01924801990389824,
        0.009859029203653336,
        0.017441479489207268,
        0.01621878519654274,
        0.018239684402942657,
        0.010959343984723091,
        0.022849328815937042,
        0.024069769307971,
        0.012734977528452873,
        0.029834477230906487,
        0.017760179936885834,
        0.019333358854055405,
        0.0020258077420294285,
        0.014157770201563835,
        0.0054546501487493515,
        0.020009063184261322,
        0.02245689369738102,
        0.012320198118686676,
        0.011118393391370773,
        0.015479672700166702,
        0.0154842808842659
    ],
    "val_loss_history": [
        0.49960630014538765,
        0.46374132484197617,
        0.19518536143004894,
        0.1338510513305664,
        0.13283585384488106,
        0.0962880989536643,
        0.08684515580534935,
        0.07466421835124493,
        0.07034269627183676,
        0.07543340884149075,
        0.09664036240428686,
        0.06430342374369502,
        0.10404331143945456,
        0.055711397901177406,
        0.059367796406149864,
        0.07133127423003316,
        0.048048213589936495,
        0.05960439424961805,
        0.05286867404356599,
        0.043554085306823254,
        0.04708632733672857,
        0.041566825937479734,
        0.04267631284892559,
        0.04439535643905401,
        0.04093360435217619,
        0.07007426302880049,
        0.036970303393900394,
        0.04025817569345236,
        0.04218417941592634,
        0.03535818075761199,
        0.03576244320720434,
        0.03274315339513123,
        0.03081298992037773,
        0.03357588523067534,
        0.08881207462400198,
        0.041869970969855785,
        0.032356985146179795,
        0.03627943014726043,
        0.05776502937078476,
        0.04769233101978898,
        0.039154328871518373,
        0.033067986369132996,
        0.03203133004717529,
        0.028560904785990715,
        0.02770003629848361,
        0.03185504488646984,
        0.026829527923837304,
        0.041171508841216564,
        0.031438078032806516,
        0.026606435421854258,
        0.026665373239666224,
        0.025285692303441465,
        0.025414865231141448,
        0.027911239536479115,
        0.03444900922477245,
        0.025175692164339125,
        0.041297155898064375,
        0.03214594372548163,
        0.025041401153430343,
        0.02526422217488289,
        0.03285135864280164,
        0.026287112152203918,
        0.0620662379078567,
        0.026797941653057933,
        0.0242532417178154,
        0.024711786187253892,
        0.023925524088554084,
        0.0572128975763917,
        0.028806056012399495,
        0.02343681873753667,
        0.0226979476865381,
        0.028707368997856975,
        0.05164371198043227,
        0.03396668378263712,
        0.023719354532659054,
        0.024451486067846417,
        0.04843355203047395,
        0.021450011059641838,
        0.022631873143836856,
        0.0316812798846513,
        0.029893640195950866,
        0.022565281367860734,
        0.027514231391251087,
        0.03316134470514953,
        0.022156851598992944,
        0.021629304392263293,
        0.028809452895075083,
        0.025048513431102037,
        0.020970806712284684,
        0.03326338320039213,
        0.023344640736468136,
        0.024868631502613425,
        0.021396241732873023,
        0.020368507714010775,
        0.024584421887993813,
        0.03778443904593587,
        0.0228911517187953,
        0.02505655330605805,
        0.0346609007101506,
        0.02842296683229506,
        0.021794725907966495,
        0.020496788318268955,
        0.029656589031219482,
        0.022803978761658072,
        0.026042167330160737,
        0.029119206592440605,
        0.019835440907627344,
        0.031655263621360064,
        0.025621499167755246,
        0.022216338897123933,
        0.03135974146425724,
        0.022786321002058685,
        0.02343950921203941,
        0.022841862286441028,
        0.01963552657980472,
        0.025583144393749535,
        0.021737585309892893,
        0.035699410596862435,
        0.02226169966161251,
        0.02715494600124657,
        0.028022604528814554,
        0.047055368311703205,
        0.022379976348020136,
        0.029683088418096304,
        0.02376192738302052,
        0.023809256264939904,
        0.024298178497701883,
        0.02444798476062715,
        0.0197475430322811,
        0.023844527546316385,
        0.023064819863066077,
        0.022476828657090664,
        0.024910353822633624,
        0.02505916031077504,
        0.05049569206312299,
        0.03260434954427183,
        0.027608110569417477,
        0.02210832736454904,
        0.023419810459017754,
        0.02332107978872955,
        0.021064666332677007,
        0.027909153839573264,
        0.02644089050590992,
        0.026975537417456508,
        0.02444791910238564,
        0.024615853326395154,
        0.022492385935038328,
        0.02484572376124561,
        0.02292373252566904,
        0.025562665658071637,
