{
    "metadata": {
        "config": {
            "epochs": 200,
            "batch_size": 512,
            "model": "LargeContrastiveEncoder(\n  (network): Sequential(\n    (0): Linear(in_features=2048, out_features=8192, bias=True)\n    (1): ReLU()\n    (2): Dropout(p=0.0, inplace=False)\n    (3): Linear(in_features=8192, out_features=8192, bias=True)\n    (4): ReLU()\n    (5): Dropout(p=0.0, inplace=False)\n    (6): Linear(in_features=8192, out_features=4096, bias=True)\n    (7): ReLU()\n    (8): Dropout(p=0.0, inplace=False)\n    (9): Linear(in_features=4096, out_features=4096, bias=True)\n    (10): ReLU()\n    (11): Dropout(p=0.0, inplace=False)\n    (12): Linear(in_features=4096, out_features=2048, bias=True)\n    (13): ReLU()\n    (14): Dropout(p=0.0, inplace=False)\n    (15): Linear(in_features=2048, out_features=2048, bias=True)\n    (16): ReLU()\n    (17): Dropout(p=0.0, inplace=False)\n    (18): Linear(in_features=2048, out_features=1024, bias=True)\n    (19): ReLU()\n    (20): Dropout(p=0.0, inplace=False)\n    (21): Linear(in_features=1024, out_features=512, bias=True)\n  )\n)",
            "criterion": "TripletMarginLoss()",
            "optimizer": "Adam (\nParameter Group 0\n    amsgrad: False\n    betas: (0.9, 0.999)\n    capturable: False\n    differentiable: False\n    eps: 1e-08\n    foreach: None\n    fused: None\n    lr: 1e-05\n    maximize: False\n    weight_decay: 0\n)",
            "end_margin": 0.5,
            "steps_per_batch_train": 136
        },
        "dataset_sizes": {
            "total": 86680,
            "train": 69344,
            "validation": 17336
        }
    },
    "train_loss_history": [
        0.3469952940940857,
        0.30617237091064453,
        0.23373916745185852,
        0.21284574270248413,
        0.2238413393497467,
        0.23402650654315948,
        0.2261037826538086,
        0.31838464736938477,
        0.21152693033218384,
        0.29800254106521606,
        0.1759064644575119,
        0.2594898045063019,
        0.15784874558448792,
        0.17281565070152283,
        0.15785303711891174,
        0.18729570508003235,
        0.202140212059021,
        0.17128576338291168,
        0.20603728294372559,
        0.2067284882068634,
        0.15690600872039795,
        0.18247878551483154,
        0.18487019836902618,
        0.17287632822990417,
        0.17283062636852264,
        0.2012118697166443,
        0.1486586332321167,
        0.15838387608528137,
        0.15538519620895386,
        0.1452467441558838,
        0.14660051465034485,
        0.18215888738632202,
        0.15200039744377136,
        0.1355932205915451,
        0.16031569242477417,
        0.13468503952026367,
        0.15732264518737793,
        0.17407527565956116,
        0.1482117623090744,
        0.14251796901226044,
        0.1405278444290161,
        0.11216070502996445,
        0.15280725061893463,
        0.14167241752147675,
        0.12395365536212921,
        0.14565783739089966,
        0.16483604907989502,
        0.11727277934551239,
        0.1450628638267517,
        0.13772627711296082,
        0.12729111313819885,
        0.12095081806182861,
        0.11486140638589859,
        0.1274048388004303,
        0.12887638807296753,
        0.13279950618743896,
        0.12452226132154465,
        0.1386096030473709,
        0.13508397340774536,
        0.14201059937477112,
        0.1225045770406723,
        0.16310372948646545,
        0.13793928921222687,
        0.12680824100971222,
        0.11741000413894653,
        0.11354370415210724,
        0.12085646390914917,
        0.1270332634449005,
        0.1230769008398056,
        0.1328403353691101,
        0.15951460599899292,
        0.12212187051773071,
        0.13045081496238708,
        0.11684508621692657,
        0.11795850098133087,
        0.16523456573486328,
        0.11316990852355957,
        0.12381179630756378,
        0.12570160627365112,
        0.1117205023765564,
        0.12608206272125244,
        0.11139219999313354,
        0.11954750120639801,
        0.13630759716033936,
        0.11847829818725586,
        0.10154982656240463,
        0.13393539190292358,
        0.10500824451446533,
        0.11965657025575638,
        0.10773982107639313,
        0.12961624562740326,
        0.13460072875022888,
        0.11254599690437317,
        0.10280786454677582,
        0.12491153925657272,
        0.13557860255241394,
        0.11610040068626404,
        0.12866657972335815,
        0.13674254715442657,
        0.10169713199138641,
        0.1232190728187561,
        0.13362029194831848,
        0.13408079743385315,
        0.12185381352901459,
        0.10472994297742844,
        0.12443588674068451,
        0.10985753685235977,
        0.11125949770212173,
        0.11936966329813004,
        0.13294285535812378,
        0.10647325217723846,
        0.10832071304321289,
        0.09570665657520294,
        0.1071760505437851,
        0.11132486164569855,
        0.09926916658878326,
        0.08484019339084625,
        0.11289234459400177,
        0.10651077330112457,
        0.14754822850227356,
        0.10910958051681519,
        0.10312364250421524,
        0.10846257209777832,
        0.1273660808801651,
        0.13075976073741913,
        0.12072226405143738,
        0.09955723583698273,
        0.09102131426334381,
        0.14207351207733154,
        0.1033429428935051,
        0.10710319876670837,
        0.10407839715480804,
        0.12305261939764023,
        0.12360741943120956,
        0.0964442789554596,
        0.08704908192157745,
        0.12475565075874329,
        0.11022929847240448,
        0.10618358850479126,
        0.10529205203056335,
        0.1115768626332283,
        0.12090592086315155,
        0.12040799856185913,
        0.11932586133480072,
        0.10198350995779037,
        0.1017870083451271,
        0.10943973064422607,
        0.10254579782485962,
        0.09377865493297577,
        0.1296912431716919,
        0.09244270622730255,
        0.10867933928966522,
        0.09912274032831192,
        0.1201123371720314,
        0.1047639399766922,
        0.11296398937702179,
        0.11392613500356674,
        0.11421281099319458,
        0.1522035300731659,
        0.12247706949710846,
        0.10359060764312744,
        0.10010544955730438,
        0.10703227669000626,
        0.10683662444353104,
        0.12510249018669128,
        0.1210881918668747,
        0.10513389110565186,
        0.1169728934764862,
        0.11681774258613586,
        0.11983557790517807,
        0.10398170351982117,
        0.12452907860279083,
        0.09831850230693817,
        0.10726159811019897,
        0.09797941148281097,
        0.11273978650569916,
        0.09863102436065674,
        0.0965811014175415,
        0.10055311024188995,
        0.09281189739704132,
        0.11001424491405487,
        0.10386767983436584,
        0.08402963727712631,
        0.10140494257211685,
        0.12536412477493286,
        0.09042774140834808,
        0.1180107593536377,
        0.1225309818983078,
        0.10164274275302887,
        0.09984339773654938,
        0.10420848429203033,
        0.10686007142066956,
        0.06997036933898926,
        0.06967361271381378,
        0.09730610996484756,
        0.12006393074989319,
        0.10891181230545044,
        0.1276637613773346,
        0.12010994553565979,
        0.1049126461148262,
        0.13766568899154663,
        0.12189905345439911,
        0.07120490074157715,
        0.09541836380958557,
        0.09822067618370056,
        0.11830295622348785,
        0.1087135300040245,
        0.10840145498514175,
        0.09917329996824265,
        0.08699852228164673,
        0.10101767629384995,
        0.11232616007328033,
        0.10416699945926666,
        0.11006426066160202,
        0.10443330556154251,
        0.11386962234973907,
        0.09817983210086823,
        0.1149129644036293,
        0.10939209163188934,
